{
  "/MIDAS version" : "2.1",
  "/MIDAS git revision" : "Wed Apr 13 14:01:25 2022 +0200 - midas-2020-08-a-757-g9969130d-dirty on branch develop",
  "/filename" : "/home/mu3e/online/online/pixels/qctest/ladder/output.json",
  "/ODB path" : "/Equipment/PixelsCentral/QCTests/Ladder",

  "Eval" : {
    "Insight" : {
      "IV_curve" : {
      },
      "LV_power_ON" : {
      },
      "DAC_scan" : {
      },
      "link_quality" : {
      }
    },
    "half_ladder_id" : 0,
    "grade" : "",
    "IV_curve" : false,
    "LV_power_ON" : [ false, false, false ],
    "DAC_scan_VPDAC" : [ false, false, false ],
    "DAC_scan_ref_Vss" : [ false, false, false ],
    "link_quality" : [ false, false, false ]
  },
  "current_ladder_id" : 0,
  "current_hameg_id" : 0,
  "current_channel" : 0,
  "IV" : {
    "Input" : {
      "hv_current_limit" : 1.0000000000000001e-05,
      "start_voltage" : 0,
      "step_voltage" : 5,
      "fine_step_voltage" : 1,
      "stop_voltage" : 25
    },
    "Output" : {
      "Voltage" : [ 0, 5, 10, 15, 20, 25, 0, 0, 0, 0, 0, 0, 0, 0, 0, 0, 0, 0, 0, 0, 0, 0, 0, 0, 0, 0, 0, 0, 0, 0, 0, 0, 0 ],
      "Current" : [ -1.8189000000000000e-02, -6.4130999999999994e-02, -1.0186800000000000e-01, -1.2744100000000000e-01, -1.4411900000000000e-01, -1.5968099999999999e-01, 0, 0, 0, 0, 0, 0, 0, 0, 0, 0, 0, 0, 0, 0, 0, 0, 0, 0, 0, 0, 0, 0, 0, 0, 0, 0, 0 ],
      "V" : 30
    },
    "half_ladder_id" : 0,
    "hameg_id" : 0,
    "channel" : 0
  },
  "LVPowerOn" : {
    "Input" : {
    },
    "Output" : {
      "current_increase" : [ 5.0139999999999996e-01, 4.7689999999999999e-01, 0, 0 ]
    },
    "half_ladder_id" : 22,
    "hameg_id" : 7,
    "channel" : 3
  },
  "DACScan" : {
    "Input" : {
      "HV_voltage" : 5,
      "HV_curr_limit" : 1.0000000000000001e-05,
      "VPDAC" : {
        "start_value" : 0,
        "step" : 1,
        "stop_value" : 6
      },
      "ref_Vss" : {
        "start_value" : 50,
        "step" : 50,
        "stop_value" : 250
      }
    },
    "Output" : {
      "VPDAC" : {
        "0" : {
          "VPDAC_values" : [ 0, 1, 2, 3, 4, 5, 6, 0, 0, 0, 0 ],
          "VPDAC_current" : [ 5.8679999999999999e-01, 6.0480000000000000e-01, 6.1929999999999996e-01, 6.3519999999999999e-01, 6.5510000000000002e-01, 6.7230000000000001e-01, 6.8830000000000002e-01, 0, 0, 0, 0 ]
        },
        "1" : {
          "VPDAC_values" : [ 0, 1, 2, 3, 4, 5, 6, 0, 0, 0, 0 ],
          "VPDAC_current" : [ 5.9760000000000002e-01, 6.1070000000000002e-01, 6.2090000000000001e-01, 6.3329999999999997e-01, 6.4520000000000000e-01, 6.5880000000000005e-01, 6.7069999999999996e-01, 0, 0, 0, 0 ]
        },
        "2" : {
          "VPDAC_values" : [ 0, 1, 2, 3, 4, 5, 6, 0, 0, 0, 0 ],
          "VPDAC_current" : [ 1.8940000000000001e-01, 1.8940000000000001e-01, 1.8940000000000001e-01, 1.8940000000000001e-01, 1.8940000000000001e-01, 1.8940000000000001e-01, 1.8940000000000001e-01, 0, 0, 0, 0 ]
        }
      },
      "ref_Vss" : {
        "0" : {
          "ref_Vss_values" : [ 50, 100, 150, 200, 250, 0, 0, 0, 0, 0, 0, 0, 0, 0, 0, 0, 0, 0, 0, 0, 0, 0, 0, 0, 0, 0, 0, 0, 0, 0, 0, 0, 0 ],
          "ref_Vss_current" : [ 5.5400000000000005e-01, 6.1550000000000005e-01, 6.8679999999999997e-01, 6.8679999999999997e-01, 6.8679999999999997e-01, 0, 0, 0, 0, 0, 0, 0, 0, 0, 0, 0, 0, 0, 0, 0, 0, 0, 0, 0, 0, 0, 0, 0, 0, 0, 0, 0, 0 ]
        },
        "1" : {
          "ref_Vss_values" : [ 50, 100, 150, 200, 250, 0, 0, 0, 0, 0, 0, 0, 0, 0, 0, 0, 0, 0, 0, 0, 0, 0, 0, 0, 0, 0, 0, 0, 0, 0, 0, 0, 0 ],
          "ref_Vss_current" : [ 5.3239999999999998e-01, 6.0189999999999999e-01, 6.6869999999999996e-01, 6.6869999999999996e-01, 6.6869999999999996e-01, 0, 0, 0, 0, 0, 0, 0, 0, 0, 0, 0, 0, 0, 0, 0, 0, 0, 0, 0, 0, 0, 0, 0, 0, 0, 0, 0, 0 ]
        },
        "2" : {
          "ref_Vss_values" : [ 50, 100, 150, 200, 250, 0, 0, 0, 0, 0, 0, 0, 0, 0, 0, 0, 0, 0, 0, 0, 0, 0, 0, 0, 0, 0, 0, 0, 0, 0, 0, 0, 0 ],
          "ref_Vss_current" : [ 1.8940000000000001e-01, 1.8940000000000001e-01, 1.8940000000000001e-01, 1.8940000000000001e-01, 1.8940000000000001e-01, 0, 0, 0, 0, 0, 0, 0, 0, 0, 0, 0, 0, 0, 0, 0, 0, 0, 0, 0, 0, 0, 0, 0, 0, 0, 0, 0, 0 ]
        }
      }
    },
    "half_ladder_id" : 22,
    "hameg_id" : 7,
    "channel" : 3
  },
  "LINKQUALIcheck" : {
    "Input" : {
      "HV_voltage" : 5,
      "HV_curr_limit" : 1.0000000000000001e-05,
      "start_magic_value_VPVCO" : 11,
      "stop_magic_value_VPVCO" : 40,
      "waiting_time" : 5
    },
    "Output" : {
      "0" : {
        "Scan" : {
          "VPVCO" : [ 11, 12, 13, 14, 15, 16, 17, 18, 19, 20, 21, 22, 23, 24, 25, 26, 27, 28, 29, 30, 31, 32, 33, 34, 35, 36, 37, 38, 39, 40 ],
          "error_rate" : [ 0, 0, 0, 0, 0, 0, 0, 0, 0, 0, 0, 0, 0, 0, 0, 0, 0, 0, 0, 0, 3.4928499999999998e+00, 0, 0, 0, 0, 0, 0, 8.0000000000000004e-01, 6.1767338277531898e+08, 5.1420584571658000e+07 ],
          "error_rate_linkA" : [ 0, 0, 0, 0, 0, 0, 0, 0, 0, 0, 0, 0, 0, 0, 0, 0, 0, 0, 0, 0, 5.9999999999999998e-01, 0, 0, 0, 0, 0, 0, 8.0000000000000004e-01, -4.0901809039999998e+08, -3.2546177199999999e+07 ],
          "error_rate_linkB" : [ 0, 0, 0, 0, 0, 0, 0, 0, 0, 0, 0, 0, 0, 0, 0, 0, 0, 0, 0, 0, 2, 0, 0, 0, 0, 0, 0, 0, -4.6247106460000002e+08, 21416724 ],
          "error_rate_linkC" : [ 0, 0, 0, 0, 0, 0, 0, 0, 0, 0, 0, 0, 0, 0, 0, 0, 0, 0, 0, 0, 2.7999999999999998e+00, 0, 0, 0, 0, 0, 0, 0, 1.8577511199999999e+07, -3.3558110799999997e+07 ]
        },
        "opt_VPVCO" : 11,
        "opt_VNVCO" : 12,
        "ErrorRate" : 0
      },
      "1" : {
        "Scan" : {
          "VPVCO" : [ 11, 12, 13, 14, 15, 16, 17, 18, 19, 20, 21, 22, 23, 24, 25, 26, 27, 28, 29, 30, 31, 32, 33, 34, 35, 36, 37, 38, 39, 40 ],
          "error_rate" : [ 0, 0, 0, 0, 0, 0, 0, 0, 0, 0, 0, 0, 0, 0, 0, 0, 0, 0, 0, 0, 1.3419389000000001e+01, 0, 0, 0, 0, 0, 0, 0, 0, 2.0712446805604000e+07 ],
          "error_rate_linkA" : [ 0, 0, 0, 0, 0, 0, 0, 0, 0, 0, 0, 0, 0, 0, 0, 0, 0, 0, 0, 0, 1, 0, 0, 0, 0, 0, 0, 0, 0, 1.2604899800000001e+07 ],
          "error_rate_linkB" : [ 0, 0, 0, 0, 0, 0, 0, 0, 0, 0, 0, 0, 0, 0, 0, 0, 0, 0, 0, 0, 2.2000000000000002e+00, 0, 0, 0, 0, 0, 0, 0, 0, 9.8594014000000004e+06 ],
          "error_rate_linkC" : [ 0, 0, 0, 0, 0, 0, 0, 0, 0, 0, 0, 0, 0, 0, 0, 0, 0, 0, 0, 0, 1.3199999999999999e+01, 0, 0, 0, 0, 0, 0, 0, 0, 1.3149682800000001e+07 ]
        },
        "opt_VPVCO" : 11,
        "opt_VNVCO" : 12,
        "ErrorRate" : 0
      },
      "2" : {
        "Scan" : {
          "VPVCO" : [ 11, 12, 13, 14, 15, 16, 17, 18, 19, 20, 21, 22, 23, 24, 25, 26, 27, 28, 29, 30, 31, 32, 33, 34, 35, 36, 37, 38, 39, 40 ],
          "error_rate" : [ 4.0398191654906201e+08, 3.1840701576446000e+07, 2.5598623863045000e+07, 3.5143531396173999e+07, 4.0952887342374498e+08, 2.2740377945850998e+07, 4.4722776359066600e+08, 3.9389585281868798e+08, 3.0430964688147300e+08, 4.8829478004445001e+07, 3.5850157215502602e+08, 1.4592182864522201e+08, 5.9456580559695996e+07, 5.9558375436094001e+07, 5.9235853281476997e+07, 9.3667693259204999e+07, 4.0193186367778003e+07, 7.0695764695789993e+07, 7.0416930569712996e+07, 4.0685673458797999e+07, 4.6176138813146299e+08, 3.3782529424603802e+08, 9.2540024047083005e+07, 2.1061197317802001e+07, 1.3118403746294799e+08, 2.0904511794399001e+07, 9.2817555787079006e+07, 1.0035584809549899e+08, 4.0534996062236601e+08, 1.2054541789998600e+08 ],