{
  "/MIDAS version" : "2.1",
  "/MIDAS git revision" : "Wed Apr 13 14:01:25 2022 +0200 - midas-2020-08-a-757-g9969130d-dirty on branch develop",
  "/filename" : "/home/mu3e/online/online/pixels/qctest/ladder/output.json",
  "/ODB path" : "/Equipment/PixelsCentral/QCTests/Ladder",

  "Eval" : {
    "Insight" : {
      "IV_curve" : {
      },
      "LV_power_ON" : {
      },
      "DAC_scan" : {
      },
      "link_quality" : {
      }
    },
    "half_ladder_id" : 0,
    "grade" : "",
    "IV_curve" : false,
    "LV_power_ON" : [ false, false, false ],
    "DAC_scan_VPDAC" : [ false, false, false ],
    "DAC_scan_ref_Vss" : [ false, false, false ],
    "link_quality" : [ false, false, false ]
  },
  "current_ladder_id" : 0,
  "current_hameg_id" : 0,
  "current_channel" : 0,
  "IV" : {
    "Input" : {
      "hv_current_limit" : 1.0000000000000001e-05,
      "start_voltage" : 5,
      "step_voltage" : 5,
      "fine_step_voltage" : 1,
      "stop_voltage" : 25
    },
    "Output" : {
      "Voltage" : [ -5, 0, -4, -3, -2, -1, 0, 0, 0, 0, 0, 0, 0, 0, 0, 0, 0, 0, 0, 0, 0, 0, 0, 0, 0, 0, 0, 0, 0, 0, 0, 0, 0 ],
      "Current" : [ -6.3909799999999999e+00, -1.0276400000000001e+01, -1.0276500000000000e+01, -1.0280900000000001e+01, -1.0281200000000000e+01, -1.0281200000000000e+01, 0, 0, 0, 0, 0, 0, 0, 0, 0, 0, 0, 0, 0, 0, 0, 0, 0, 0, 0, 0, 0, 0, 0, 0, 0, 0, 0 ],
      "V" : 5
    },
    "half_ladder_id" : 0,
    "hameg_id" : 0,
    "channel" : 0
  },
  "LVPowerOn" : {
    "Input" : {
    },
    "Output" : {
      "current_increase" : [ 4.0220000000000000e-01, 2.3899999999999999e-01, 3.7830000000000003e-01, 0 ]
    },
    "half_ladder_id" : 29,
    "hameg_id" : 2,
    "channel" : 1
  },
  "DACScan" : {
    "Input" : {
      "HV_voltage" : 0,
      "HV_curr_limit" : 1.0000000000000001e-05,
      "VPDAC" : {
        "start_value" : 0,
        "step" : 1,
        "stop_value" : 6
      },
      "ref_Vss" : {
        "start_value" : 50,
        "step" : 50,
        "stop_value" : 250
      }
    },
    "Output" : {
      "VPDAC" : {
        "0" : {
          "VPDAC_values" : [ 0, 1, 2, 3, 4, 5, 6, 0, 0, 0, 0 ],
          "VPDAC_current" : [ 1.0300000000000000e+00, 1.0970000000000000e+00, 1.1200000000000001e+00, 1.0020000000000000e+00, 1.1499999999999999e+00, 1.1870000000000001e+00, 1.1730000000000000e+00, 0, 0, 0, 0 ]
        },
        "1" : {
          "VPDAC_values" : [ 0, 1, 2, 3, 4, 5, 6, 0, 0, 0, 0 ],
          "VPDAC_current" : [ 1.0589999999999999e+00, 1.0790000000000000e+00, 1.0920000000000001e+00, 1.1120000000000001e+00, 1.1319999999999999e+00, 1.1499999999999999e+00, 1.1699999999999999e+00, 0, 0, 0, 0 ]
        },
        "2" : {
          "VPDAC_values" : [ 0, 1, 2, 3, 4, 5, 6, 0, 0, 0, 0 ],
          "VPDAC_current" : [ 1.0449999999999999e+00, 1.0560000000000000e+00, 1.0690000000000000e+00, 1.0810000000000000e+00, 1.0940000000000001e+00, 1.1030000000000000e+00, 1.1210000000000000e+00, 0, 0, 0, 0 ]
        }
      },
      "ref_Vss" : {
        "0" : {
          "ref_Vss_values" : [ 50, 100, 150, 200, 250, 0, 0, 0, 0, 0, 0, 0, 0, 0, 0, 0, 0, 0, 0, 0, 0, 0, 0, 0, 0, 0, 0, 0, 0, 0, 0, 0, 0 ],
          "ref_Vss_current" : [ 8.5350000000000004e-01, 1.0069999999999999e+00, 1.0690000000000000e+00, 1.0750000000000000e+00, 1.0750000000000000e+00, 0, 0, 0, 0, 0, 0, 0, 0, 0, 0, 0, 0, 0, 0, 0, 0, 0, 0, 0, 0, 0, 0, 0, 0, 0, 0, 0, 0 ]
        },
        "1" : {
          "ref_Vss_values" : [ 50, 100, 150, 200, 250, 0, 0, 0, 0, 0, 0, 0, 0, 0, 0, 0, 0, 0, 0, 0, 0, 0, 0, 0, 0, 0, 0, 0, 0, 0, 0, 0, 0 ],
          "ref_Vss_current" : [ 9.2440000000000000e-01, 9.9290000000000000e-01, 1.0580000000000001e+00, 1.0580000000000001e+00, 1.0649999999999999e+00, 0, 0, 0, 0, 0, 0, 0, 0, 0, 0, 0, 0, 0, 0, 0, 0, 0, 0, 0, 0, 0, 0, 0, 0, 0, 0, 0, 0 ]
        },
        "2" : {
          "ref_Vss_values" : [ 50, 100, 150, 200, 250, 0, 0, 0, 0, 0, 0, 0, 0, 0, 0, 0, 0, 0, 0, 0, 0, 0, 0, 0, 0, 0, 0, 0, 0, 0, 0, 0, 0 ],
          "ref_Vss_current" : [ 9.0520000000000000e-01, 9.7480000000000000e-01, 1.0420000000000000e+00, 1.0489999999999999e+00, 1.0489999999999999e+00, 0, 0, 0, 0, 0, 0, 0, 0, 0, 0, 0, 0, 0, 0, 0, 0, 0, 0, 0, 0, 0, 0, 0, 0, 0, 0, 0, 0 ]
        }
      }
    },
    "half_ladder_id" : 29,
    "hameg_id" : 2,
    "channel" : 1
  },
  "LINKQUALIcheck" : {
    "Input" : {
      "HV_voltage" : 0,
      "HV_curr_limit" : 1.0000000000000001e-05,
      "start_magic_value_VPVCO" : 11,
      "stop_magic_value_VPVCO" : 40,
      "waiting_time" : 5
    },
    "Output" : {
      "0" : {
        "Scan" : {
          "VPVCO" : [ 11, 12, 13, 14, 15, 16, 17, 18, 19, 20, 21, 22, 23, 24, 25, 26, 27, 28, 29, 30, 31, 32, 33, 34, 35, 36, 37, 38, 39, 40 ],
          "error_rate" : [ 6.3236972000000002e+06, 9.2013241999999993e+06, 7.7465304000000004e+06, 1.2599069800000001e+07, 6.9496584000000004e+06, 9.3261291999999993e+06, 1.2665946199999999e+07, 1.0089414800000001e+07, 8.4452354000000004e+06, 7.5813934000000004e+06, 18144786, 3.8539410799999997e+07, 4.1877998799999997e+07, 4.2775108200000003e+07, 3.2317174800000001e+07, 2.1637499399999999e+07, 1.9426609399999999e+07, 1.6705818800000001e+07, 3.9887936600000001e+07, 4.2210993200000003e+07, 4.2006243399999999e+07, 15575862, 1.9150333199999999e+07, 1.6939902600000001e+07, 3.7561230799999997e+07, 13430789, 1.1876483400000000e+07, 1.0438160815660000e+07, 3.6033179600000001e+07, 4.2691785623371202e+08 ],
          "error_rate_linkA" : [ 0, 0, 0, 0, 0, 0, 0, 0, 0, 0, 0, 0, 0, 0, 0, 0, 0, 2.0000000000000001e-01, 0, 0, 0, 0, 0, 0, 0, 0, 0, 4.0000000000000002e-01, 0, 1.1823425199999999e+07 ],
          "error_rate_linkB" : [ 6.3236972000000002e+06, 9.2013241999999993e+06, 7.7465304000000004e+06, 1.2599069800000001e+07, 6.9496584000000004e+06, 9.3261291999999993e+06, 1.2665946199999999e+07, 1.0089414800000001e+07, 8.4452354000000004e+06, 7.5813934000000004e+06, 18144786, -3.8539410799999997e+07, -4.1877998799999997e+07, -4.2775108200000003e+07, -3.2317174800000001e+07, 2.1637499399999999e+07, 1.9426609399999999e+07, 1.6705818800000001e+07, -3.9887936600000001e+07, -4.2210993200000003e+07, -4.2006243399999999e+07, 15575862, 1.9150333199999999e+07, 1.6939902600000001e+07, -3.7561230799999997e+07, 13430789, 1.1876483400000000e+07, 1.0437847199999999e+07, -3.6033179600000001e+07, 8.0603737799999997e+07 ],
          "error_rate_linkC" : [ 0, 0, 0, 0, 0, 0, 0, 0, 0, 0, 0, 0, 0, 0, 0, 0, 0, 0, 0, 0, 0, 0, 0, 0, 0, 0, 0, 8.0913800000000003e+04, 0, -4.1907290539999998e+08 ]
        },
        "opt_VPVCO" : 0,
        "opt_VNVCO" : 1,
        "ErrorRate" : 1000000
      },
      "1" : {
        "Scan" : {
          "VPVCO" : [ 11, 12, 13, 14, 15, 16, 17, 18, 19, 20, 21, 22, 23, 24, 25, 26, 27, 28, 29, 30, 31, 32, 33, 34, 35, 36, 37, 38, 39, 40 ],
          "error_rate" : [ 0, 4.0997687999999998e+06, 4.0000000000000002e-01, 1.7027873999999999e+06, 2.6870014600000001e+07, 0, 0, 0, 1.4006326600000000e+07, 0, 10640712, 0, 0, 0, 0, 0, 0, 0, 0, 0, 0, 0, 0, 0, 0, 0, 0, 0, 0, 4.5518435822273999e+07 ],
          "error_rate_linkA" : [ 0, 4.0997687999999998e+06, 4.0000000000000002e-01, 0, 0, 0, 0, 0, 0, 0, 0, 0, 0, 0, 0, 0, 0, 0, 0, 0, 0, 0, 0, 0, 0, 0, 0, 0, 0, -29169058 ],
          "error_rate_linkB" : [ 0, 0, 0, 0, -2.6870014600000001e+07, 0, 0, 0, -1.4006326600000000e+07, 0, 10640712, 0, 0, 0, 0, 0, 0, 0, 0, 0, 0, 0, 0, 0, 0, 0, 0, 0, 0, 2.4509500399999999e+07 ],
          "error_rate_linkC" : [ 0, 0, 0, 1.7027873999999999e+06, 0, 0, 0, 0, 0, 0, 0, 0, 0, 0, 0, 0, 0, 0, 0, 0, 0, 0, 0, 0, 0, 0, 0, 0, 0, 2.4907397399999999e+07 ]
        },
        "opt_VPVCO" : 11,
        "opt_VNVCO" : 12,
        "ErrorRate" : 0
      },
      "2" : {
        "Scan" : {
          "VPVCO" : [ 11, 12, 13, 14, 15, 16, 17, 18, 19, 20, 21, 22, 23, 24, 25, 26, 27, 28, 29, 30, 31, 32, 33, 34, 35, 36, 37, 38, 39, 40 ],