{
  "/MIDAS version" : "2.1",
  "/MIDAS git revision" : "Wed Apr 13 14:01:25 2022 +0200 - midas-2020-08-a-757-g9969130d-dirty on branch develop",
  "/filename" : "/home/mu3e/online/online/pixels/qctest/ladder/output.json",
  "/ODB path" : "/Equipment/PixelsCentral/QCTests/Ladder",

  "Eval" : {
    "Insight" : {
      "IV_curve" : {
      },
      "LV_power_ON" : {
      },
      "DAC_scan" : {
      },
      "link_quality" : {
      }
    },
    "half_ladder_id" : 0,
    "grade" : "",
    "IV_curve" : false,
    "LV_power_ON" : [ false, false, false ],
    "DAC_scan_VPDAC" : [ false, false, false ],
    "DAC_scan_ref_Vss" : [ false, false, false ],
    "link_quality" : [ false, false, false ]
  },
  "current_ladder_id" : 0,
  "current_hameg_id" : 0,
  "current_channel" : 0,
  "IV" : {
    "Input" : {
      "hv_current_limit" : 1.0000000000000001e-05,
      "start_voltage" : 5,
      "step_voltage" : 5,
      "fine_step_voltage" : 1,
      "stop_voltage" : 25
    },
    "Output" : {
      "Voltage" : [ -5, 0, -4, -3, -2, -1, 0, 0, 0, 0, 0, 0, 0, 0, 0, 0, 0, 0, 0, 0, 0, 0, 0, 0, 0, 0, 0, 0, 0, 0, 0, 0, 0 ],
      "Current" : [ -4.3717699999999997e+00, -1.0280799999999999e+01, -1.0281100000000000e+01, -1.0280600000000000e+01, -1.0280600000000000e+01, -1.0281599999999999e+01, 0, 0, 0, 0, 0, 0, 0, 0, 0, 0, 0, 0, 0, 0, 0, 0, 0, 0, 0, 0, 0, 0, 0, 0, 0, 0, 0 ],
      "V" : 5
    },
    "half_ladder_id" : 0,
    "hameg_id" : 0,
    "channel" : 0
  },
  "LVPowerOn" : {
    "Input" : {
    },
    "Output" : {
      "current_increase" : [ 4.2690000000000000e-01, 2.5750000000000001e-01, 4.7130000000000000e-01, 0 ]
    },
    "half_ladder_id" : 28,
    "hameg_id" : 2,
    "channel" : 1
  },
  "DACScan" : {
    "Input" : {
      "HV_voltage" : 0,
      "HV_curr_limit" : 1.0000000000000001e-05,
      "VPDAC" : {
        "start_value" : 0,
        "step" : 1,
        "stop_value" : 6
      },
      "ref_Vss" : {
        "start_value" : 50,
        "step" : 50,
        "stop_value" : 250
      }
    },
    "Output" : {
      "VPDAC" : {
        "0" : {
          "VPDAC_values" : [ 0, 1, 2, 3, 4, 5, 6, 0, 0, 0, 0 ],
          "VPDAC_current" : [ 5.9650000000000003e-01, 6.0480000000000000e-01, 6.1770000000000003e-01, 6.2260000000000004e-01, 6.3680000000000003e-01, 6.4549999999999996e-01, 6.5830000000000000e-01, 0, 0, 0, 0 ]
        },
        "1" : {
          "VPDAC_values" : [ 0, 1, 2, 3, 4, 5, 6, 0, 0, 0, 0 ],
          "VPDAC_current" : [ 6.2600000000000000e-01, 6.4590000000000003e-01, 6.6100000000000003e-01, 6.7800000000000005e-01, 6.9720000000000004e-01, 7.1430000000000005e-01, 7.3080000000000001e-01, 0, 0, 0, 0 ]
        },
        "2" : {
          "VPDAC_values" : [ 0, 1, 2, 3, 4, 5, 6, 0, 0, 0, 0 ],
          "VPDAC_current" : [ 6.1160000000000003e-01, 6.2700000000000000e-01, 6.4159999999999995e-01, 6.5759999999999996e-01, 6.7390000000000005e-01, 6.9050000000000000e-01, 7.1009999999999995e-01, 0, 0, 0, 0 ]
        }
      },
      "ref_Vss" : {
        "0" : {
          "ref_Vss_values" : [ 50, 100, 150, 200, 250, 0, 0, 0, 0, 0, 0, 0, 0, 0, 0, 0, 0, 0, 0, 0, 0, 0, 0, 0, 0, 0, 0, 0, 0, 0, 0, 0, 0 ],
          "ref_Vss_current" : [ 5.2869999999999995e-01, 5.9730000000000005e-01, 6.5720000000000001e-01, 6.6059999999999997e-01, 6.6059999999999997e-01, 0, 0, 0, 0, 0, 0, 0, 0, 0, 0, 0, 0, 0, 0, 0, 0, 0, 0, 0, 0, 0, 0, 0, 0, 0, 0, 0, 0 ]
        },
        "1" : {
          "ref_Vss_values" : [ 50, 100, 150, 200, 250, 0, 0, 0, 0, 0, 0, 0, 0, 0, 0, 0, 0, 0, 0, 0, 0, 0, 0, 0, 0, 0, 0, 0, 0, 0, 0, 0, 0 ],
          "ref_Vss_current" : [ 6.0540000000000005e-01, 6.7300000000000004e-01, 7.2950000000000004e-01, 7.3180000000000001e-01, 7.3180000000000001e-01, 0, 0, 0, 0, 0, 0, 0, 0, 0, 0, 0, 0, 0, 0, 0, 0, 0, 0, 0, 0, 0, 0, 0, 0, 0, 0, 0, 0 ]
        },
        "2" : {
          "ref_Vss_values" : [ 50, 100, 150, 200, 250, 0, 0, 0, 0, 0, 0, 0, 0, 0, 0, 0, 0, 0, 0, 0, 0, 0, 0, 0, 0, 0, 0, 0, 0, 0, 0, 0, 0 ],
          "ref_Vss_current" : [ 5.8430000000000004e-01, 6.5700000000000003e-01, 7.0860000000000001e-01, 7.1160000000000001e-01, 7.1160000000000001e-01, 0, 0, 0, 0, 0, 0, 0, 0, 0, 0, 0, 0, 0, 0, 0, 0, 0, 0, 0, 0, 0, 0, 0, 0, 0, 0, 0, 0 ]
        }
      }
    },
    "half_ladder_id" : 28,
    "hameg_id" : 2,
    "channel" : 1
  },
  "LINKQUALIcheck" : {
    "Input" : {
      "HV_voltage" : 0,
      "HV_curr_limit" : 1.0000000000000001e-05,
      "start_magic_value_VPVCO" : 11,
      "stop_magic_value_VPVCO" : 40,
      "waiting_time" : 5
    },
    "Output" : {
      "0" : {
        "Scan" : {
          "VPVCO" : [ 11, 12, 13, 14, 15, 16, 17, 18, 19, 20, 21, 22, 23, 24, 25, 26, 27, 28, 29, 30, 31, 32, 33, 34, 35, 36, 37, 38, 39, 40 ],
          "error_rate" : [ 6.6030300000000004e+00, 0, 0, 0, 0, 0, 0, 0, 0, 0, 0, 663, 0, 0, 0, 0, 0, 0, 0, 0, 0, 6.0924175491260803e+08, 1.2263234904725200e+08, 8.0172216118980005e+07, 6.8272812081992999e+07, 5.5401851714630000e+07, 9.3422785412950993e+07, 4.5288735326132998e+07, 5.3863927858733997e+07, 8.2881855683164001e+07 ],
          "error_rate_linkA" : [ 3.7999999999999998e+00, 0, 0, 0, 0, 0, 0, 0, 0, 0, 0, 0, 0, 0, 0, 0, 0, 0, 0, 0, 0, 1.2976498800000001e+07, 1.4258392199999999e+07, 6.8883155200000003e+07, -38645509, 1.8094824800000001e+07, 17602346, 18672118, 1.9242747399999999e+07, 1.8424279800000001e+07 ],
          "error_rate_linkB" : [ 0, 0, 0, 0, 0, 0, 0, 0, 0, 0, 0, 663, 0, 0, 0, 0, 0, 0, 0, 0, 0, 4.4216721319999999e+08, 1.2120855780000000e+08, -3.8948193600000001e+07, -38921059, -3.6171011399999999e+07, -9.0478362599999994e+07, 18151014, -34842057, 7.1855910200000003e+07 ],
          "error_rate_linkC" : [ 5.4000000000000004e+00, 0, 0, 0, 0, 0, 0, 0, 0, 0, 0, 0, 0, 0, 0, 0, 0, 0, 0, 0, 0, -4.1892157019999999e+08, 1.1994865600000000e+07, 1.2873747800000001e+07, -4.0655290799999997e+07, -3.7862916200000003e+07, 15219729, -3.7053505200000003e+07, -3.6291465399999999e+07, -3.6968582399999999e+07 ]
        },
        "opt_VPVCO" : 31,
        "opt_VNVCO" : 32,
        "ErrorRate" : 8947518
      },
      "1" : {
        "Scan" : {
          "VPVCO" : [ 11, 12, 13, 14, 15, 16, 17, 18, 19, 20, 21, 22, 23, 24, 25, 26, 27, 28, 29, 30, 31, 32, 33, 34, 35, 36, 37, 38, 39, 40 ],
          "error_rate" : [ 8.9577472066050004e+06, 8.9277208000019994e+06, 8.9450948000000007e+06, 8.8919762000290006e+06, 8.9640768000009991e+06, 8.9755575999999996e+06, 8.9196315999999996e+06, 8.9833125999999996e+06, 8.9014754000000004e+06, 8972027, 8.8808044000000004e+06, 8983150, 8.8769004000000004e+06, 8.9145038000000007e+06, 8.9575095999999996e+06, 4.4778323600000001e+07, 4.4761777399999999e+07, 4.4732060200000003e+07, 8.8932718000000007e+06, 8.9510615999999996e+06, 8947518, 8.9465914000000004e+06, 8.8935135999999996e+06, 8.9750134000000004e+06, 8.9223038012710009e+06, 8.9433905999999996e+06, 8.9490828000009991e+06, 1.4179342284480000e+07, 1.3664123211593000e+07, 1.3632962899250001e+07 ],
          "error_rate_linkA" : [ -8.9577471999999993e+06, -8.9277208000000007e+06, -8.9450948000000007e+06, -8.8919761999999993e+06, -8.9640768000000007e+06, -8.9755575999999996e+06, -8.9196315999999996e+06, -8.9833125999999996e+06, -8.9014754000000004e+06, -8972027, -8.8808044000000004e+06, -8983150, -8.8769004000000004e+06, -8.9145038000000007e+06, -8.9575095999999996e+06, 4.4778323600000001e+07, 4.4761777399999999e+07, 4.4732060200000003e+07, -8.8932718000000007e+06, -8.9510615999999996e+06, -8947518, -8.9465914000000004e+06, -8.8935135999999996e+06, -8.9750134000000004e+06, -8.9223038000000007e+06, -8.9433905999999996e+06, -8.9490828000000007e+06, -8946460, -8.9725668000000007e+06, -8.9121455999999996e+06 ],
          "error_rate_linkB" : [ 1.6000000000000001e+00, 0, 0, 0, 0, 0, 0, 0, 0, 0, 0, 0, 0, 0, 0, 0, 0, 0, 0, 0, 0, 0, 0, 0, 1.0759999999999999e+02, 0, 0, 6.4764684000000004e+06, 5.9813765999999996e+06, 6.5086987999999998e+06 ],