{
  "/MIDAS version" : "2.1",
  "/MIDAS git revision" : "Wed Apr 13 14:01:25 2022 +0200 - midas-2020-08-a-757-g9969130d-dirty on branch develop",
  "/filename" : "/home/mu3e/online/online/pixels/qctest/ladder/output.json",
  "/ODB path" : "/Equipment/PixelsCentral/QCTests/Ladder",

  "Eval" : {
    "Insight" : {
      "IV_curve" : {
      },
      "LV_power_ON" : {
      },
      "DAC_scan" : {
      },
      "link_quality" : {
      }
    },
    "half_ladder_id" : 0,
    "grade" : "",
    "IV_curve" : false,
    "LV_power_ON" : [ false, false, false ],
    "DAC_scan_VPDAC" : [ false, false, false ],
    "DAC_scan_ref_Vss" : [ false, false, false ],
    "link_quality" : [ false, false, false ]
  },
  "current_ladder_id" : 0,
  "current_hameg_id" : 0,
  "current_channel" : 0,
  "IV" : {
    "Input" : {
      "hv_current_limit" : 1.0000000000000001e-05,
      "start_voltage" : 0,
      "step_voltage" : 5,
      "fine_step_voltage" : 1,
      "stop_voltage" : 25
    },
    "Output" : {
      "Voltage" : [ 0, 5, 1, 2, 3, 4, 0, 0, 0, 0, 0, 0, 0, 0, 0, 0, 0, 0, 0, 0, 0, 0, 0, 0, 0, 0, 0, 0, 0, 0, 0, 0, 0 ],
      "Current" : [ -7.4047900000000000e-01, -9.9829399999999993e+00, -9.9818200000000008e+00, -9.9811599999999991e+00, -9.9809500000000000e+00, -9.9805399999999995e+00, 0, 0, 0, 0, 0, 0, 0, 0, 0, 0, 0, 0, 0, 0, 0, 0, 0, 0, 0, 0, 0, 0, 0, 0, 0, 0, 0 ],
      "V" : 10
    },
    "half_ladder_id" : 0,
    "hameg_id" : 0,
    "channel" : 0
  },
  "LVPowerOn" : {
    "Input" : {
    },
    "Output" : {
      "current_increase" : [ 4.9580000000000002e-01, 4.6870000000000001e-01, -2.8799999999999999e-02, 0 ]
    },
    "half_ladder_id" : 33,
    "hameg_id" : 3,
    "channel" : 1
  },
  "DACScan" : {
    "Input" : {
      "HV_voltage" : 0,
      "HV_curr_limit" : 1.0000000000000001e-05,
      "VPDAC" : {
        "start_value" : 0,
        "step" : 1,
        "stop_value" : 6
      },
      "ref_Vss" : {
        "start_value" : 50,
        "step" : 50,
        "stop_value" : 250
      }
    },
    "Output" : {
      "VPDAC" : {
        "0" : {
          "VPDAC_values" : [ 0, 1, 2, 3, 4, 5, 6, 0, 0, 0, 0 ],
          "VPDAC_current" : [ 6.8889999999999996e-01, 7.0689999999999997e-01, 7.1719999999999995e-01, 7.3399999999999999e-01, 7.4850000000000005e-01, 7.6580000000000004e-01, 7.7829999999999999e-01, 0, 0, 0, 0 ]
        },
        "1" : {
          "VPDAC_values" : [ 0, 1, 2, 3, 4, 5, 6, 0, 0, 0, 0 ],
          "VPDAC_current" : [ 6.5120000000000000e-01, 6.9489999999999996e-01, 7.1419999999999995e-01, 7.2899999999999998e-01, 7.4639999999999995e-01, 7.6160000000000005e-01, 7.8180000000000005e-01, 0, 0, 0, 0 ]
        },
        "2" : {
          "VPDAC_values" : [ 0, 1, 2, 3, 4, 5, 6, 0, 0, 0, 0 ],
          "VPDAC_current" : [ 2.8489999999999999e-01, 2.8649999999999998e-01, 2.8849999999999998e-01, 2.8849999999999998e-01, 2.9010000000000002e-01, 2.9010000000000002e-01, 2.9010000000000002e-01, 0, 0, 0, 0 ]
        }
      },
      "ref_Vss" : {
        "0" : {
          "ref_Vss_values" : [ 50, 100, 150, 200, 250, 0, 0, 0, 0, 0, 0, 0, 0, 0, 0, 0, 0, 0, 0, 0, 0, 0, 0, 0, 0, 0, 0, 0, 0, 0, 0, 0, 0 ],
          "ref_Vss_current" : [ 6.5029999999999999e-01, 7.1440000000000003e-01, 7.7580000000000005e-01, 7.7580000000000005e-01, 7.7580000000000005e-01, 0, 0, 0, 0, 0, 0, 0, 0, 0, 0, 0, 0, 0, 0, 0, 0, 0, 0, 0, 0, 0, 0, 0, 0, 0, 0, 0, 0 ]
        },
        "1" : {
          "ref_Vss_values" : [ 50, 100, 150, 200, 250, 0, 0, 0, 0, 0, 0, 0, 0, 0, 0, 0, 0, 0, 0, 0, 0, 0, 0, 0, 0, 0, 0, 0, 0, 0, 0, 0, 0 ],
          "ref_Vss_current" : [ 6.5930000000000000e-01, 7.2529999999999994e-01, 7.8129999999999999e-01, 7.8129999999999999e-01, 7.8129999999999999e-01, 0, 0, 0, 0, 0, 0, 0, 0, 0, 0, 0, 0, 0, 0, 0, 0, 0, 0, 0, 0, 0, 0, 0, 0, 0, 0, 0, 0 ]
        },
        "2" : {
          "ref_Vss_values" : [ 50, 100, 150, 200, 250, 0, 0, 0, 0, 0, 0, 0, 0, 0, 0, 0, 0, 0, 0, 0, 0, 0, 0, 0, 0, 0, 0, 0, 0, 0, 0, 0, 0 ],
          "ref_Vss_current" : [ 2.9160000000000003e-01, 2.9160000000000003e-01, 2.9160000000000003e-01, 2.9160000000000003e-01, 2.9160000000000003e-01, 0, 0, 0, 0, 0, 0, 0, 0, 0, 0, 0, 0, 0, 0, 0, 0, 0, 0, 0, 0, 0, 0, 0, 0, 0, 0, 0, 0 ]
        }
      }
    },
    "half_ladder_id" : 33,
    "hameg_id" : 3,
    "channel" : 1
  },
  "LINKQUALIcheck" : {
    "Input" : {
      "HV_voltage" : 0,
      "HV_curr_limit" : 1.0000000000000001e-05,
      "start_magic_value_VPVCO" : 11,
      "stop_magic_value_VPVCO" : 40,
      "waiting_time" : 5
    },
    "Output" : {
      "0" : {
        "Scan" : {
          "VPVCO" : [ 11, 12, 13, 14, 15, 16, 17, 18, 19, 20, 21, 22, 23, 24, 25, 26, 27, 28, 29, 30, 31, 32, 33, 34, 35, 36, 37, 38, 39, 40 ],
          "error_rate" : [ 0, 0, 0, 0, 0, 0, 0, 0, 0, 0, 0, 0, 0, 0, 0, 0, 0, 0, 0, 0, 0, 0, 0, 0, 0, 0, 0, 1.6643317000000000e+01, 5.9612757685229301e+08, 6.6650820500160098e+08 ],
          "error_rate_linkA" : [ 0, 0, 0, 0, 0, 0, 0, 0, 0, 0, 0, 0, 0, 0, 0, 0, 0, 0, 0, 0, 0, 0, 0, 0, 0, 0, 0, 1.6600000000000001e+01, -4.4958273799999997e+07, 1.0920535199999999e+07 ],
          "error_rate_linkB" : [ 0, 0, 0, 0, 0, 0, 0, 0, 0, 0, 0, 0, 0, 0, 0, 0, 0, 0, 0, 0, 0, 0, 0, 0, 0, 0, 0, 0, -4.1881466219999999e+08, -469739650 ],
          "error_rate_linkC" : [ 0, 0, 0, 0, 0, 0, 0, 0, 0, 0, 0, 0, 0, 0, 0, 0, 0, 0, 0, 0, 0, 0, 0, 0, 0, 0, 0, 1.2000000000000000e+00, -4.2183067719999999e+08, -4.7271406839999998e+08 ]
        },
        "opt_VPVCO" : 38,
        "opt_VNVCO" : 39,
        "ErrorRate" : 3.4983635562927999e+07
      },
      "1" : {
        "Scan" : {
          "VPVCO" : [ 11, 12, 13, 14, 15, 16, 17, 18, 19, 20, 21, 22, 23, 24, 25, 26, 27, 28, 29, 30, 31, 32, 33, 34, 35, 36, 37, 38, 39, 40 ],
          "error_rate" : [ 6.9011236000279998e+06, 9.3929648000499997e+06, 1.1834458199999999e+07, 1.4073036600000000e+07, 1.6130201600000000e+07, 3.4868615411626004e+07, 3.5452377611137003e+07, 4.4991485160848998e+07, 4.4349670381107002e+07, 4.4455801163477004e+07, 4.4867162603523001e+07, 4.5148658207064003e+07, 4.5022820417420000e+07, 4.4734936195129000e+07, 4.4740882300694004e+07, 4.4639629652009003e+07, 2.7340869657019001e+07, 3.4039386507027999e+07, 3.4132527091370001e+07, 3.4351906728517003e+07, 2.6853391989477001e+07, 2.6469495312465001e+07, 2.6302970227451000e+07, 2.7367915343520999e+07, 2.7783995958547000e+07, 2.7674290909575000e+07, 3.4108482924682997e+07, 3.4983635562927999e+07, 4.9473555287078001e+07, 4.2325400417175002e+07 ],
          "error_rate_linkA" : [ 0, 0, 0, 0, 5.9999999999999998e-01, 6.8440380000000005e+05, 1.4105992400000000e+07, -3.9864259799999997e+07, -3.9363037399999999e+07, -3.9213991399999999e+07, -3.9090760200000003e+07, -3.9252161399999999e+07, -3.9243851399999999e+07, -3.9057465799999997e+07, -3.8950755200000003e+07, -38817455, 1.5131605400000000e+07, 1.4896489199999999e+07, 14644391, 1.4625289400000000e+07, 14698522, 1.4959860400000000e+07, 1.5182591600000000e+07, 1.5425361199999999e+07, 15279301, 1.5110952199999999e+07, 1.4639386199999999e+07, 14709771, -38579725, -3.9741516799999997e+07 ],
          "error_rate_linkB" : [ 1.9600000000000001e+01, 3.0800000000000001e+01, 1.8000000000000000e+00, 1.8000000000000000e+00, 0, 1, 1.2000000000000000e+00, 5.9999999999999998e-01, 8.0000000000000004e-01, 4.0000000000000002e-01, 4.4000000000000004e+00, 4.0000000000000002e-01, 2.0000000000000001e-01, 0, 3.6000000000000001e+00, 0, 2.0000000000000001e-01, 2.0000000000000001e-01, 0, 0, 0, 1.2000000000000000e+00, 5.9999999999999998e-01, 6, 5.9999999999999998e-01, 6, 1.6000000000000001e+00, 2.2000000000000002e+00, 1.5400000000000000e+01, 6.9400807999999998e+06 ],