{
  "/MIDAS version" : "2.1",
  "/MIDAS git revision" : "Wed Apr 13 14:01:25 2022 +0200 - midas-2020-08-a-757-g9969130d-dirty on branch develop",
  "/filename" : "/home/mu3e/online/online/pixels/qctest/ladder/output.json",
  "/ODB path" : "/Equipment/PixelsCentral/QCTests/Ladder",

  "Eval" : {
    "Insight" : {
      "IV_curve" : {
      },
      "LV_power_ON" : {
      },
      "DAC_scan" : {
      },
      "link_quality" : {
      }
    },
    "half_ladder_id" : 0,
    "grade" : "",
    "IV_curve" : false,
    "LV_power_ON" : [ false, false, false ],
    "DAC_scan_VPDAC" : [ false, false, false ],
    "DAC_scan_ref_Vss" : [ false, false, false ],
    "link_quality" : [ false, false, false ]
  },
  "current_ladder_id" : 0,
  "current_hameg_id" : 0,
  "current_channel" : 0,
  "IV" : {
    "Input" : {
      "hv_current_limit" : 1.0000000000000001e-05,
      "start_voltage" : 0,
      "step_voltage" : 5,
      "fine_step_voltage" : 1,
      "stop_voltage" : 25
    },
    "Output" : {
      "Voltage" : [ 0, 5, 1, 2, 3, 4, 0, 0, 0, 0, 0, 0, 0, 0, 0, 0, 0, 0, 0, 0, 0, 0, 0, 0, 0, 0, 0, 0, 0, 0, 0, 0, 0 ],
      "Current" : [ -3.2017500000000001e+00, -9.9821399999999993e+00, -3.2252200000000002e+00, -9.9824999999999999e+00, -9.9806000000000008e+00, -9.9802199999999992e+00, 0, 0, 0, 0, 0, 0, 0, 0, 0, 0, 0, 0, 0, 0, 0, 0, 0, 0, 0, 0, 0, 0, 0, 0, 0, 0, 0 ],
      "V" : 10
    },
    "half_ladder_id" : 0,
    "hameg_id" : 0,
    "channel" : 0
  },
  "LVPowerOn" : {
    "Input" : {
    },
    "Output" : {
      "current_increase" : [ 4.2740000000000000e-01, 4.3209999999999998e-01, 1.9689999999999999e-01, 0 ]
    },
    "half_ladder_id" : 30,
    "hameg_id" : 2,
    "channel" : 3
  },
  "DACScan" : {
    "Input" : {
      "HV_voltage" : 1,
      "HV_curr_limit" : 1.0000000000000001e-05,
      "VPDAC" : {
        "start_value" : 0,
        "step" : 1,
        "stop_value" : 6
      },
      "ref_Vss" : {
        "start_value" : 50,
        "step" : 50,
        "stop_value" : 250
      }
    },
    "Output" : {
      "VPDAC" : {
        "0" : {
          "VPDAC_values" : [ 0, 1, 2, 3, 4, 5, 6, 0, 0, 0, 0 ],
          "VPDAC_current" : [ 7.0950000000000002e-01, 7.2430000000000005e-01, 7.2350000000000003e-01, 7.3560000000000003e-01, 7.5100000000000000e-01, 7.5380000000000003e-01, 7.5900000000000001e-01, 0, 0, 0, 0 ]
        },
        "1" : {
          "VPDAC_values" : [ 0, 1, 2, 3, 4, 5, 6, 0, 0, 0, 0 ],
          "VPDAC_current" : [ 6.7810000000000004e-01, 6.9040000000000001e-01, 7.0830000000000004e-01, 7.2440000000000004e-01, 7.3509999999999998e-01, 7.5370000000000004e-01, 7.7349999999999997e-01, 0, 0, 0, 0 ]
        },
        "2" : {
          "VPDAC_values" : [ 0, 1, 2, 3, 4, 5, 6, 0, 0, 0, 0 ],
          "VPDAC_current" : [ 6.9120000000000004e-01, 7.0499999999999996e-01, 7.2009999999999996e-01, 7.3429999999999995e-01, 7.4660000000000004e-01, 7.6249999999999996e-01, 7.7890000000000004e-01, 0, 0, 0, 0 ]
        }
      },
      "ref_Vss" : {
        "0" : {
          "ref_Vss_values" : [ 50, 100, 150, 200, 250, 0, 0, 0, 0, 0, 0, 0, 0, 0, 0, 0, 0, 0, 0, 0, 0, 0, 0, 0, 0, 0, 0, 0, 0, 0, 0, 0, 0 ],
          "ref_Vss_current" : [ 5.2470000000000006e-01, 5.9219999999999995e-01, 6.6690000000000005e-01, 6.8899999999999995e-01, 6.8359999999999999e-01, 0, 0, 0, 0, 0, 0, 0, 0, 0, 0, 0, 0, 0, 0, 0, 0, 0, 0, 0, 0, 0, 0, 0, 0, 0, 0, 0, 0 ]
        },
        "1" : {
          "ref_Vss_values" : [ 50, 100, 150, 200, 250, 0, 0, 0, 0, 0, 0, 0, 0, 0, 0, 0, 0, 0, 0, 0, 0, 0, 0, 0, 0, 0, 0, 0, 0, 0, 0, 0, 0 ],
          "ref_Vss_current" : [ 5.3800000000000003e-01, 6.1519999999999997e-01, 6.7769999999999997e-01, 6.9560000000000000e-01, 6.9560000000000000e-01, 0, 0, 0, 0, 0, 0, 0, 0, 0, 0, 0, 0, 0, 0, 0, 0, 0, 0, 0, 0, 0, 0, 0, 0, 0, 0, 0, 0 ]
        },
        "2" : {
          "ref_Vss_values" : [ 50, 100, 150, 200, 250, 0, 0, 0, 0, 0, 0, 0, 0, 0, 0, 0, 0, 0, 0, 0, 0, 0, 0, 0, 0, 0, 0, 0, 0, 0, 0, 0, 0 ],
          "ref_Vss_current" : [ 5.2600000000000002e-01, 6.0209999999999997e-01, 6.7810000000000004e-01, 6.9520000000000004e-01, 6.9520000000000004e-01, 0, 0, 0, 0, 0, 0, 0, 0, 0, 0, 0, 0, 0, 0, 0, 0, 0, 0, 0, 0, 0, 0, 0, 0, 0, 0, 0, 0 ]
        }
      }
    },
    "half_ladder_id" : 30,
    "hameg_id" : 2,
    "channel" : 3
  },
  "LINKQUALIcheck" : {
    "Input" : {
      "HV_voltage" : 0,
      "HV_curr_limit" : 1.0000000000000001e-05,
      "start_magic_value_VPVCO" : 11,
      "stop_magic_value_VPVCO" : 40,
      "waiting_time" : 5
    },
    "Output" : {
      "0" : {
        "Scan" : {
          "VPVCO" : [ 11, 12, 13, 14, 15, 16, 17, 18, 19, 20, 21, 22, 23, 24, 25, 26, 27, 28, 29, 30, 31, 32, 33, 34, 35, 36, 37, 38, 39, 40 ],
          "error_rate" : [ 7.4672619999999998e+00, 7.2111029999999996e+00, 1.3967104000000001e+01, 2.0615528000000001e+01, 3.9824615999999999e+01, 3.8209949999999999e+00, 7.9246449999999999e+00, 1.2657014000000000e+01, 4.4181439999999998e+00, 0, 1.3493702000000001e+01, 2.3231013999999998e+01, 1.4405554000000000e+01, 7.2000000000000002e+00, 2.0600000000000001e+01, 2.0224737000000001e+01, 1.7614767000000001e+01, 4.1424639999999999e+02, 40, 8.6200000000000003e+01, 9.2021739999999994e+00, 2.0399999999999999e+01, 3.2703516999999998e+01, 4.6913111000000001e+01, 1.1747334216350000e+07, 4.4071086000162500e+08, 3.4792269066539800e+08, 1.3829099530510999e+07, 4.8164118861801997e+07, 1.5400785844369000e+07 ],
          "error_rate_linkA" : [ 2.6000000000000001e+00, 4.0000000000000002e-01, 6.7999999999999998e+00, 8.0000000000000004e-01, 3.9399999999999999e+01, 2.6000000000000001e+00, 7.7999999999999998e+00, 1.2600000000000000e+01, 4.0000000000000002e-01, 0, 2.7999999999999998e+00, 1.2000000000000000e+00, 4.0000000000000002e-01, 0, 0, 1, 3.7999999999999998e+00, 6.2000000000000002e+00, 0, 0, 2.0000000000000001e-01, 0, 2.6000000000000001e+00, 41, 8.0822825999999996e+06, 8.7701654000000004e+06, 8.2167565999999996e+06, 8.3669672000000002e+06, 8.8935821999999993e+06, 9.2750728000000007e+06 ],
          "error_rate_linkB" : [ 7, 7.2000000000000002e+00, 1.2199999999999999e+01, 2.0600000000000001e+01, 5.7999999999999998e+00, 2.7999999999999998e+00, 1.3999999999999999e+00, 1.2000000000000000e+00, 4.4000000000000004e+00, 0, 1.3199999999999999e+01, 2.3199999999999999e+01, 1.4400000000000000e+01, 7.2000000000000002e+00, 2.0600000000000001e+01, 2.0199999999999999e+01, 1.7199999999999999e+01, 4.1419999999999999e+02, 40, 8.6200000000000003e+01, 9.1999999999999993e+00, 2.0399999999999999e+01, 3.2600000000000001e+01, 2.2800000000000001e+01, 7220418, 4.3801862219999999e+08, 1.1586262840000001e+08, 8.8845648000000007e+06, 9295280, 9621612 ],
          "error_rate_linkC" : [ 0, 0, 0, 0, 0, 0, 0, 0, 0, 0, 0, 0, 0, 0, 0, 0, 0, 0, 0, 0, 0, 0, 0, 0, 4532343, -4.7841748799999997e+07, 327961179, 6.5040265999999996e+06, -4.6414268399999999e+07, 7.6538755999999996e+06 ]
        },
        "opt_VPVCO" : 20,
        "opt_VNVCO" : 21,
        "ErrorRate" : 2.2090719999999999e+00
      },
      "1" : {
        "Scan" : {
          "VPVCO" : [ 11, 12, 13, 14, 15, 16, 17, 18, 19, 20, 21, 22, 23, 24, 25, 26, 27, 28, 29, 30, 31, 32, 33, 34, 35, 36, 37, 38, 39, 40 ],
          "error_rate" : [ 3.3560149000000001e+02, 50, 4.2345384000468001e+07, 1.6609635999999998e+01, 1.1476933000000001e+01, 5.9031065999999996e+06, 1.8152832000080000e+06, 2.3748680000000002e+00, 20404426, 2.2090719999999999e+00, 6.2032249999999998e+00, 2.0000000000000001e-01, 4.0249220000000001e+00, 2.0000000000000001e-01, 4.4721400000000000e-01, 0, 2.8284300000000001e-01, 0, 0, 4.4721400000000000e-01, 2.0000000000000001e-01, 1.2000000000000000e+00, 5.9999999999999998e-01, 4.0000000000000002e-01, 1.0198039999999999e+00, 1.8110770000000000e+00, 1.8000000000000000e+00, 4.5999999999999996e+00, 2.8715664576198697e+08, 6.0978030031677198e+08 ],