{
  "/MIDAS version" : "2.1",
  "/MIDAS git revision" : "Wed Apr 13 14:01:25 2022 +0200 - midas-2020-08-a-757-g9969130d-dirty on branch develop",
  "/filename" : "/home/mu3e/online/online/pixels/qctest/ladder/output.json",
  "/ODB path" : "/Equipment/PixelsCentral/QCTests/Ladder",

  "Eval" : {
    "Insight" : {
      "IV_curve" : {
      },
      "LV_power_ON" : {
      },
      "DAC_scan" : {
      },
      "link_quality" : {
      }
    },
    "half_ladder_id" : 0,
    "grade" : "",
    "IV_curve" : false,
    "LV_power_ON" : [ false, false, false ],
    "DAC_scan_VPDAC" : [ false, false, false ],
    "DAC_scan_ref_Vss" : [ false, false, false ],
    "link_quality" : [ false, false, false ]
  },
  "current_ladder_id" : 0,
  "current_hameg_id" : 0,
  "current_channel" : 0,
  "IV" : {
    "Input" : {
      "hv_current_limit" : 1.0000000000000001e-05,
      "start_voltage" : 0,
      "step_voltage" : 5,
      "fine_step_voltage" : 1,
      "stop_voltage" : 25
    },
    "Output" : {
      "Voltage" : [ 0, 5, 10, 15, 11, 12, 13, 14, 0, 0, 0, 0, 0, 0, 0, 0, 0, 0, 0, 0, 0, 0, 0, 0, 0, 0, 0, 0, 0, 0, 0, 0, 0 ],
      "Current" : [ -1.3181300000000001e-01, -1.7386999999999999e+00, -2.0377399999999999e+00, -9.9699000000000009e+00, -2.1002299999999998e+00, -2.1540800000000000e+00, -2.2178499999999999e+00, -2.2804899999999999e+00, 0, 0, 0, 0, 0, 0, 0, 0, 0, 0, 0, 0, 0, 0, 0, 0, 0, 0, 0, 0, 0, 0, 0, 0, 0 ],
      "V" : 20
    },
    "half_ladder_id" : 0,
    "hameg_id" : 0,
    "channel" : 0
  },
  "LVPowerOn" : {
    "Input" : {
    },
    "Output" : {
      "current_increase" : [ 4.7470000000000001e-01, 4.9869999999999998e-01, 4.5160000000000000e-01, 0 ]
    },
    "half_ladder_id" : 36,
    "hameg_id" : 4,
    "channel" : 1
  },
  "DACScan" : {
    "Input" : {
      "HV_voltage" : 5,
      "HV_curr_limit" : 1.0000000000000001e-05,
      "VPDAC" : {
        "start_value" : 0,
        "step" : 1,
        "stop_value" : 6
      },
      "ref_Vss" : {
        "start_value" : 50,
        "step" : 50,
        "stop_value" : 250
      }
    },
    "Output" : {
      "VPDAC" : {
        "0" : {
          "VPDAC_values" : [ 0, 1, 2, 3, 4, 5, 6, 0, 0, 0, 0 ],
          "VPDAC_current" : [ 1.0309999999999999e+00, 1.0449999999999999e+00, 1.0569999999999999e+00, 1.0710000000000000e+00, 1.0820000000000001e+00, 1.0960000000000001e+00, 1.1080000000000001e+00, 0, 0, 0, 0 ]
        },
        "1" : {
          "VPDAC_values" : [ 0, 1, 2, 3, 4, 5, 6, 0, 0, 0, 0 ],
          "VPDAC_current" : [ 1.0260000000000000e+00, 1.0429999999999999e+00, 1.0609999999999999e+00, 1.0760000000000001e+00, 1.0890000000000000e+00, 1.1050000000000000e+00, 1.1250000000000000e+00, 0, 0, 0, 0 ]
        },
        "2" : {
          "VPDAC_values" : [ 0, 1, 2, 3, 4, 5, 6, 0, 0, 0, 0 ],
          "VPDAC_current" : [ 1.0089999999999999e+00, 1.0249999999999999e+00, 1.0329999999999999e+00, 1.0440000000000000e+00, 1.0580000000000001e+00, 1.0700000000000001e+00, 1.0790000000000000e+00, 0, 0, 0, 0 ]
        }
      },
      "ref_Vss" : {
        "0" : {
          "ref_Vss_values" : [ 50, 100, 150, 200, 250, 0, 0, 0, 0, 0, 0, 0, 0, 0, 0, 0, 0, 0, 0, 0, 0, 0, 0, 0, 0, 0, 0, 0, 0, 0, 0, 0, 0 ],
          "ref_Vss_current" : [ 9.7840000000000005e-01, 1.0449999999999999e+00, 1.1070000000000000e+00, 1.1070000000000000e+00, 1.1070000000000000e+00, 0, 0, 0, 0, 0, 0, 0, 0, 0, 0, 0, 0, 0, 0, 0, 0, 0, 0, 0, 0, 0, 0, 0, 0, 0, 0, 0, 0 ]
        },
        "1" : {
          "ref_Vss_values" : [ 50, 100, 150, 200, 250, 0, 0, 0, 0, 0, 0, 0, 0, 0, 0, 0, 0, 0, 0, 0, 0, 0, 0, 0, 0, 0, 0, 0, 0, 0, 0, 0, 0 ],
          "ref_Vss_current" : [ 9.9299999999999999e-01, 1.0620000000000001e+00, 1.1230000000000000e+00, 1.1230000000000000e+00, 1.1230000000000000e+00, 0, 0, 0, 0, 0, 0, 0, 0, 0, 0, 0, 0, 0, 0, 0, 0, 0, 0, 0, 0, 0, 0, 0, 0, 0, 0, 0, 0 ]
        },
        "2" : {
          "ref_Vss_values" : [ 50, 100, 150, 200, 250, 0, 0, 0, 0, 0, 0, 0, 0, 0, 0, 0, 0, 0, 0, 0, 0, 0, 0, 0, 0, 0, 0, 0, 0, 0, 0, 0, 0 ],
          "ref_Vss_current" : [ 9.5030000000000003e-01, 1.0209999999999999e+00, 1.0760000000000001e+00, 1.0800000000000001e+00, 1.0800000000000001e+00, 0, 0, 0, 0, 0, 0, 0, 0, 0, 0, 0, 0, 0, 0, 0, 0, 0, 0, 0, 0, 0, 0, 0, 0, 0, 0, 0, 0 ]
        }
      }
    },
    "half_ladder_id" : 36,
    "hameg_id" : 4,
    "channel" : 1
  },
  "LINKQUALIcheck" : {
    "Input" : {
      "HV_voltage" : 5,
      "HV_curr_limit" : 1.0000000000000001e-05,
      "start_magic_value_VPVCO" : 11,
      "stop_magic_value_VPVCO" : 40,
      "waiting_time" : 5
    },
    "Output" : {
      "0" : {
        "Scan" : {
          "VPVCO" : [ 11, 12, 13, 14, 15, 16, 17, 18, 19, 20, 21, 22, 23, 24, 25, 26, 27, 28, 29, 30, 31, 32, 33, 34, 35, 36, 37, 38, 39, 40 ],
          "error_rate" : [ 0, 0, 0, 0, 0, 0, 0, 0, 0, 0, 0, 0, 0, 0, 0, 0, 0, 0, 0, 0, 0, 0, 0, 0, 0, 0, 0, 0, 0, 0 ],
          "error_rate_linkA" : [ 0, 0, 0, 0, 0, 0, 0, 0, 0, 0, 0, 0, 0, 0, 0, 0, 0, 0, 0, 0, 0, 0, 0, 0, 0, 0, 0, 0, 0, 0 ],
          "error_rate_linkB" : [ 0, 0, 0, 0, 0, 0, 0, 0, 0, 0, 0, 0, 0, 0, 0, 0, 0, 0, 0, 0, 0, 0, 0, 0, 0, 0, 0, 0, 0, 0 ],
          "error_rate_linkC" : [ 0, 0, 0, 0, 0, 0, 0, 0, 0, 0, 0, 0, 0, 0, 0, 0, 0, 0, 0, 0, 0, 0, 0, 0, 0, 0, 0, 0, 0, 0 ]
        },
        "opt_VPVCO" : 40,
        "opt_VNVCO" : 41,
        "ErrorRate" : 6.3064084454320002e+08
      },
      "1" : {
        "Scan" : {
          "VPVCO" : [ 11, 12, 13, 14, 15, 16, 17, 18, 19, 20, 21, 22, 23, 24, 25, 26, 27, 28, 29, 30, 31, 32, 33, 34, 35, 36, 37, 38, 39, 40 ],
          "error_rate" : [ 2.2447865267623998e+07, 3.0405389547472998e+07, 2.3583624768902998e+07, 3.1098560956971999e+07, 2.5583529583664998e+07, 3.0074170154160000e+07, 2.5995028111540999e+07, 2.6203768807115000e+07, 2.9476176584075000e+07, 2.4112258365277998e+07, 3.0076990481821001e+07, 2.4991637323975999e+07, 2.9633423337092999e+07, 2.4808663018530000e+07, 2.5902272093426000e+07, 2.8957791036738999e+07, 2.6106705592595000e+07, 2.6316153798563998e+07, 2.9080767143807001e+07, 2.9808477373960000e+07, 5.1347347227389000e+07, 3.0797399366558000e+07, 2.4945832130050998e+07, 3.0633641517005999e+07, 2.5319328505389001e+07, 3.0379085957789000e+07, 2.5849470542140000e+07, 2.5836989520684998e+07, 2.4016527016249001e+07, 6.3064084454320002e+08 ],
          "error_rate_linkA" : [ 0, 0, 0, 0, 0, 0, 0, 0, 0, 0, 0, 0, 0, 0, 0, 0, 0, 0, 0, 0, 0, 0, 0, 0, 0, 0, 0, 0, 7.8219095999999996e+06, 8.7170691999999993e+06 ],
          "error_rate_linkB" : [ 4.6400422000000002e+06, 3.1171802000000002e+06, 5.2313257999999998e+06, 6.5761072000000002e+06, 7.5417767999999998e+06, 7464989, 7.4370122000000002e+06, 6.2923462000000002e+06, 6.5651424000000004e+06, 7.7129352000000002e+06, 6.1312667999999998e+06, 6.7505764000000004e+06, 6.7100727999999998e+06, 6.9729534000000004e+06, 7.3143587999999998e+06, 5.8369035999999996e+06, 7.1837957999999998e+06, 7.1633255999999996e+06, 5.8434384000000004e+06, 7.4210497999999998e+06, -4.5571922399999999e+07, 7541316, 7.6821335999999996e+06, 7.3391962000000002e+06, 6667265, 7.8771457999999998e+06, 6.7635774000000004e+06, 7.1542662000000002e+06, 15211710, 4.4558594860000002e+08 ],
          "error_rate_linkC" : [ -21963075, 3.0245179800000001e+07, -2.2996099399999999e+07, 3.0395317199999999e+07, -2.4446647800000001e+07, 29132965, -2.4908479199999999e+07, -2.5437057199999999e+07, 2.8735759800000001e+07, -2.2845385399999999e+07, 2.9445422800000001e+07, -24062661, 2.8863726399999999e+07, -2.3808563199999999e+07, -2.4848095600000001e+07, 28363431, -2.5098867600000001e+07, -2.5322454800000001e+07, 2.8487633199999999e+07, 2.8869938399999999e+07, -2.3659035399999999e+07, 2.9859811800000001e+07, -2.3733507199999999e+07, 2.9741489399999999e+07, -2.4425723600000001e+07, 2.9340065399999999e+07, -2.4948930800000001e+07, -2.4826729600000001e+07, 1.6858682600000001e+07, 4.4618947760000002e+08 ]
        },
        "opt_VPVCO" : 0,
        "opt_VNVCO" : 1,
        "ErrorRate" : 1000000
      },