{
  "/MIDAS version" : "2.1",
  "/MIDAS git revision" : "Wed Apr 13 14:01:25 2022 +0200 - midas-2020-08-a-757-g9969130d-dirty on branch develop",
  "/filename" : "/home/mu3e/online/online/pixels/qctest/ladder/output.json",
  "/ODB path" : "/Equipment/PixelsCentral/QCTests/Ladder",

  "Eval" : {
    "Insight" : {
      "IV_curve" : {
      },
      "LV_power_ON" : {
      },
      "DAC_scan" : {
      },
      "link_quality" : {
      }
    },
    "half_ladder_id" : 0,
    "grade" : "",
    "IV_curve" : false,
    "LV_power_ON" : [ false, false, false ],
    "DAC_scan_VPDAC" : [ false, false, false ],
    "DAC_scan_ref_Vss" : [ false, false, false ],
    "link_quality" : [ false, false, false ]
  },
  "current_ladder_id" : 0,
  "current_hameg_id" : 0,
  "current_channel" : 0,
  "IV" : {
    "Input" : {
      "hv_current_limit" : 1.0000000000000001e-05,
      "start_voltage" : 0,
      "step_voltage" : 5,
      "fine_step_voltage" : 1,
      "stop_voltage" : 25
    },
    "Output" : {
      "Voltage" : [ 0, -4, -3, -2, -1, 0, 0, 0, 0, 0, 0, 0, 0, 0, 0, 0, 0, 0, 0, 0, 0, 0, 0, 0, 0, 0, 0, 0, 0, 0, 0, 0, 0 ],
      "Current" : [ -1.0280200000000001e+01, -1.0281000000000001e+01, -1.0280500000000000e+01, -1.0281200000000000e+01, -1.0281700000000001e+01, 0, 0, 0, 0, 0, 0, 0, 0, 0, 0, 0, 0, 0, 0, 0, 0, 0, 0, 0, 0, 0, 0, 0, 0, 0, 0, 0, 0 ],
      "V" : 5
    },
    "half_ladder_id" : 0,
    "hameg_id" : 0,
    "channel" : 0
  },
  "LVPowerOn" : {
    "Input" : {
    },
    "Output" : {
      "current_increase" : [ 3.7340000000000001e-01, 2.6540000000000002e-01, 4.3519999999999998e-01, 0 ]
    },
    "half_ladder_id" : 37,
    "hameg_id" : 4,
    "channel" : 1
  },
  "DACScan" : {
    "Input" : {
      "HV_voltage" : 0,
      "HV_curr_limit" : 1.0000000000000001e-05,
      "VPDAC" : {
        "start_value" : 0,
        "step" : 1,
        "stop_value" : 6
      },
      "ref_Vss" : {
        "start_value" : 50,
        "step" : 50,
        "stop_value" : 250
      }
    },
    "Output" : {
      "VPDAC" : {
        "0" : {
          "VPDAC_values" : [ 0, 1, 2, 3, 4, 5, 6, 0, 0, 0, 0 ],
          "VPDAC_current" : [ 8.2220000000000004e-01, 8.2799999999999996e-01, 8.3330000000000004e-01, 8.3879999999999999e-01, 8.3879999999999999e-01, 8.4819999999999995e-01, 8.5370000000000001e-01, 0, 0, 0, 0 ]
        },
        "1" : {
          "VPDAC_values" : [ 0, 1, 2, 3, 4, 5, 6, 0, 0, 0, 0 ],
          "VPDAC_current" : [ 7.2580000000000000e-01, 7.2580000000000000e-01, 7.2950000000000004e-01, 7.3570000000000002e-01, 7.4219999999999997e-01, 7.4660000000000004e-01, 7.5049999999999994e-01, 0, 0, 0, 0 ]
        },
        "2" : {
          "VPDAC_values" : [ 0, 1, 2, 3, 4, 5, 6, 0, 0, 0, 0 ],
          "VPDAC_current" : [ 8.4519999999999995e-01, 8.5750000000000004e-01, 8.6990000000000001e-01, 8.7939999999999996e-01, 8.9429999999999998e-01, 9.0429999999999999e-01, 9.1749999999999998e-01, 0, 0, 0, 0 ]
        }
      },
      "ref_Vss" : {
        "0" : {
          "ref_Vss_values" : [ 50, 100, 150, 200, 250, 0, 0, 0, 0, 0, 0, 0, 0, 0, 0, 0, 0, 0, 0, 0, 0, 0, 0, 0, 0, 0, 0, 0, 0, 0, 0, 0, 0 ],
          "ref_Vss_current" : [ 8.5370000000000001e-01, 8.5370000000000001e-01, 8.5370000000000001e-01, 8.5370000000000001e-01, 8.8859999999999995e-01, 0, 0, 0, 0, 0, 0, 0, 0, 0, 0, 0, 0, 0, 0, 0, 0, 0, 0, 0, 0, 0, 0, 0, 0, 0, 0, 0, 0 ]
        },
        "1" : {
          "ref_Vss_values" : [ 50, 100, 150, 200, 250, 0, 0, 0, 0, 0, 0, 0, 0, 0, 0, 0, 0, 0, 0, 0, 0, 0, 0, 0, 0, 0, 0, 0, 0, 0, 0, 0, 0 ],
          "ref_Vss_current" : [ 6.9440000000000002e-01, 6.9510000000000005e-01, 6.9510000000000005e-01, 7.5300000000000000e-01, 7.9369999999999996e-01, 0, 0, 0, 0, 0, 0, 0, 0, 0, 0, 0, 0, 0, 0, 0, 0, 0, 0, 0, 0, 0, 0, 0, 0, 0, 0, 0, 0 ]
        },
        "2" : {
          "ref_Vss_values" : [ 50, 100, 150, 200, 250, 0, 0, 0, 0, 0, 0, 0, 0, 0, 0, 0, 0, 0, 0, 0, 0, 0, 0, 0, 0, 0, 0, 0, 0, 0, 0, 0, 0 ],
          "ref_Vss_current" : [ 8.0269999999999997e-01, 8.6599999999999999e-01, 9.1610000000000003e-01, 9.1610000000000003e-01, 9.1610000000000003e-01, 0, 0, 0, 0, 0, 0, 0, 0, 0, 0, 0, 0, 0, 0, 0, 0, 0, 0, 0, 0, 0, 0, 0, 0, 0, 0, 0, 0 ]
        }
      }
    },
    "half_ladder_id" : 37,
    "hameg_id" : 4,
    "channel" : 1
  },
  "LINKQUALIcheck" : {
    "Input" : {
      "HV_voltage" : 0,
      "HV_curr_limit" : 1.0000000000000001e-05,
      "start_magic_value_VPVCO" : 11,
      "stop_magic_value_VPVCO" : 40,
      "waiting_time" : 5
    },
    "Output" : {
      "0" : {
        "Scan" : {
          "VPVCO" : [ 11, 12, 13, 14, 15, 16, 17, 18, 19, 20, 21, 22, 23, 24, 25, 26, 27, 28, 29, 30, 31, 32, 33, 34, 35, 36, 37, 38, 39, 40 ],
          "error_rate" : [ 1.4028542000000000e+01, 7.4726169999999996e+00, 0, 0, 0, 14, 4.0000000000000002e-01, 0, 0, 0, 0, 0, 0, 0, 0, 0, 0, 0, 0, 0, 0, 0, 0, 0, 0, 0, 0, 0, 0, 0 ],
          "error_rate_linkA" : [ 8.0000000000000004e-01, 7.2000000000000002e+00, 0, 0, 0, 14, 0, 0, 0, 0, 0, 0, 0, 0, 0, 0, 0, 0, 0, 0, 0, 0, 0, 0, 0, 0, 0, 0, 0, 0 ],
          "error_rate_linkB" : [ 4.0000000000000002e-01, 2, 0, 0, 0, 0, 4.0000000000000002e-01, 0, 0, 0, 0, 0, 0, 0, 0, 0, 0, 0, 0, 0, 0, 0, 0, 0, 0, 0, 0, 0, 0, 0 ],
          "error_rate_linkC" : [ 14, 0, 0, 0, 0, 0, 0, 0, 0, 0, 0, 0, 0, 0, 0, 0, 0, 0, 0, 0, 0, 0, 0, 0, 0, 0, 0, 0, 0, 0 ]
        },
        "opt_VPVCO" : 13,
        "opt_VNVCO" : 14,
        "ErrorRate" : 0
      },
      "1" : {
        "Scan" : {
          "VPVCO" : [ 11, 12, 13, 14, 15, 16, 17, 18, 19, 20, 21, 22, 23, 24, 25, 26, 27, 28, 29, 30, 31, 32, 33, 34, 35, 36, 37, 38, 39, 40 ],
          "error_rate" : [ 3.6262125117000003e+04, 1.4203858600000001e+02, 0, 2.0000000000000001e-01, 1.0392300000000001e+00, 3.2612862500000000e+02, 1.2000000000000000e+00, 0, 0, 0, 0, 0, 0, 0, 0, 0, 0, 0, 0, 0, 0, 0, 0, 0, 0, 0, 0, 0, 0, 0 ],
          "error_rate_linkA" : [ 36262, 1.4140000000000001e+02, 0, 0, 2.0000000000000001e-01, 12, 0, 0, 0, 0, 0, 0, 0, 0, 0, 0, 0, 0, 0, 0, 0, 0, 0, 0, 0, 0, 0, 0, 0, 0 ],
          "error_rate_linkB" : [ 5.1399999999999999e+01, 2.6000000000000001e+00, 0, 2.0000000000000001e-01, 1, 3.1980000000000001e+02, 1.2000000000000000e+00, 0, 0, 0, 0, 0, 0, 0, 0, 0, 0, 0, 0, 0, 0, 0, 0, 0, 0, 0, 0, 0, 0, 0 ],
          "error_rate_linkC" : [ 8.0200000000000003e+01, 1.3199999999999999e+01, 0, 0, 2.0000000000000001e-01, 6.2799999999999997e+01, 0, 0, 0, 0, 0, 0, 0, 0, 0, 0, 0, 0, 0, 0, 0, 0, 0, 0, 0, 0, 0, 0, 0, 0 ]
        },
        "opt_VPVCO" : 13,
        "opt_VNVCO" : 14,
        "ErrorRate" : 0
      },
      "2" : {
        "Scan" : {
          "VPVCO" : [ 11, 12, 13, 14, 15, 16, 17, 18, 19, 20, 21, 22, 23, 24, 25, 26, 27, 28, 29, 30, 31, 32, 33, 34, 35, 36, 37, 38, 39, 40 ],
          "error_rate" : [ 8.2031199999999997e+04, 3.0123599999999999e+04, 2.6260121900000001e+02, 4.7999999999999998e+00, 1.2000000000000000e+00, 2.7999999999999998e+00, 0, 0, 4.0000000000000002e-01, 1.3999999999999999e+00, 2.0000000000000001e-01, 0, 0, 0, 2.0000000000000001e-01, 0, 1.3999999999999999e+00, 0, 5.9999999999999998e-01, 0, 4.0000000000000002e-01, 0, 0, 0, 0, 4.0000000000000002e-01, 1, 4.4638620027301800e+08, 4.4859986095064700e+08, 4.1619973931118101e+08 ],
          "error_rate_linkA" : [ 8.2031199999999997e+04, 3.0123599999999999e+04, 2.6260000000000002e+02, 4.7999999999999998e+00, 1.2000000000000000e+00, 2.7999999999999998e+00, 0, 0, 4.0000000000000002e-01, 1.3999999999999999e+00, 2.0000000000000001e-01, 0, 0, 0, 2.0000000000000001e-01, 0, 1.3999999999999999e+00, 0, 5.9999999999999998e-01, 0, 4.0000000000000002e-01, 0, 0, 0, 0, 4.0000000000000002e-01, 1, -4.0105504799999997e+07, 4.4677697580000001e+08, -3.6008151600000001e+07 ],
          "error_rate_linkB" : [ 0, 0, 0, 0, 0, 0, 0, 0, 0, 0, 0, 0, 0, 0, 0, 0, 0, 0, 0, 0, 0, 0, 0, 0, 0, 0, 0, -4.2069211799999997e+07, 1.6282992400000000e+07, -4.1303049960000002e+08 ],