{
  "/MIDAS version" : "2.1",
  "/MIDAS git revision" : "Wed Apr 13 14:01:25 2022 +0200 - midas-2020-08-a-757-g9969130d-dirty on branch develop",
  "/filename" : "/home/mu3e/online/online/pixels/qctest/ladder/output.json",
  "/ODB path" : "/Equipment/PixelsCentral/QCTests/Ladder",

  "Eval" : {
    "Insight" : {
      "IV_curve" : {
      },
      "LV_power_ON" : {
      },
      "DAC_scan" : {
      },
      "link_quality" : {
      }
    },
    "half_ladder_id" : 0,
    "grade" : "",
    "IV_curve" : false,
    "LV_power_ON" : [ false, false, false ],
    "DAC_scan_VPDAC" : [ false, false, false ],
    "DAC_scan_ref_Vss" : [ false, false, false ],
    "link_quality" : [ false, false, false ]
  },
  "current_ladder_id" : 0,
  "current_hameg_id" : 0,
  "current_channel" : 0,
  "IV" : {
    "Input" : {
      "hv_current_limit" : 1.0000000000000001e-05,
      "start_voltage" : 0,
      "step_voltage" : 5,
      "fine_step_voltage" : 1,
      "stop_voltage" : 25
    },
    "Output" : {
      "Voltage" : [ 0, 5, 10, 15, 11, 12, 13, 14, 0, 0, 0, 0, 0, 0, 0, 0, 0, 0, 0, 0, 0, 0, 0, 0, 0, 0, 0, 0, 0, 0, 0, 0, 0 ],
      "Current" : [ -1.1891000000000000e-01, -1.2106300000000001e+00, -1.8233200000000001e+00, -9.9696300000000004e+00, -2.3682900000000000e+00, -2.6224400000000001e+00, -2.9176600000000001e+00, -9.9748099999999997e+00, 0, 0, 0, 0, 0, 0, 0, 0, 0, 0, 0, 0, 0, 0, 0, 0, 0, 0, 0, 0, 0, 0, 0, 0, 0 ],
      "V" : 20
    },
    "half_ladder_id" : 0,
    "hameg_id" : 0,
    "channel" : 0
  },
  "LVPowerOn" : {
    "Input" : {
    },
    "Output" : {
      "current_increase" : [ 4.8409999999999997e-01, 4.5250000000000001e-01, 4.7670000000000001e-01, 0 ]
    },
    "half_ladder_id" : 21,
    "hameg_id" : 7,
    "channel" : 1
  },
  "DACScan" : {
    "Input" : {
      "HV_voltage" : 5,
      "HV_curr_limit" : 1.0000000000000001e-05,
      "VPDAC" : {
        "start_value" : 0,
        "step" : 1,
        "stop_value" : 6
      },
      "ref_Vss" : {
        "start_value" : 50,
        "step" : 50,
        "stop_value" : 250
      }
    },
    "Output" : {
      "VPDAC" : {
        "0" : {
          "VPDAC_values" : [ 0, 1, 2, 3, 4, 5, 6, 0, 0, 0, 0 ],
          "VPDAC_current" : [ 7.4160000000000004e-01, 7.5949999999999995e-01, 7.7370000000000005e-01, 7.9490000000000005e-01, 8.0269999999999997e-01, 8.1850000000000001e-01, 8.3350000000000002e-01, 0, 0, 0, 0 ]
        },
        "1" : {
          "VPDAC_values" : [ 0, 1, 2, 3, 4, 5, 6, 0, 0, 0, 0 ],
          "VPDAC_current" : [ 7.4319999999999997e-01, 7.5990000000000002e-01, 7.6900000000000002e-01, 7.7980000000000005e-01, 7.9290000000000005e-01, 8.0449999999999999e-01, 8.1410000000000005e-01, 0, 0, 0, 0 ]
        },
        "2" : {
          "VPDAC_values" : [ 0, 1, 2, 3, 4, 5, 6, 0, 0, 0, 0 ],
          "VPDAC_current" : [ 7.4360000000000004e-01, 7.5719999999999998e-01, 7.7249999999999996e-01, 7.8669999999999995e-01, 8.0100000000000005e-01, 8.1689999999999996e-01, 8.3589999999999998e-01, 0, 0, 0, 0 ]
        }
      },
      "ref_Vss" : {
        "0" : {
          "ref_Vss_values" : [ 50, 100, 150, 200, 250, 0, 0, 0, 0, 0, 0, 0, 0, 0, 0, 0, 0, 0, 0, 0, 0, 0, 0, 0, 0, 0, 0, 0, 0, 0, 0, 0, 0 ],
          "ref_Vss_current" : [ 7.0720000000000005e-01, 7.6870000000000005e-01, 8.3060000000000000e-01, 8.3499999999999996e-01, 8.3499999999999996e-01, 0, 0, 0, 0, 0, 0, 0, 0, 0, 0, 0, 0, 0, 0, 0, 0, 0, 0, 0, 0, 0, 0, 0, 0, 0, 0, 0, 0 ]
        },
        "1" : {
          "ref_Vss_values" : [ 50, 100, 150, 200, 250, 0, 0, 0, 0, 0, 0, 0, 0, 0, 0, 0, 0, 0, 0, 0, 0, 0, 0, 0, 0, 0, 0, 0, 0, 0, 0, 0, 0 ],
          "ref_Vss_current" : [ 6.8000000000000005e-01, 7.4150000000000005e-01, 8.0959999999999999e-01, 8.1469999999999998e-01, 8.1469999999999998e-01, 0, 0, 0, 0, 0, 0, 0, 0, 0, 0, 0, 0, 0, 0, 0, 0, 0, 0, 0, 0, 0, 0, 0, 0, 0, 0, 0, 0 ]
        },
        "2" : {
          "ref_Vss_values" : [ 50, 100, 150, 200, 250, 0, 0, 0, 0, 0, 0, 0, 0, 0, 0, 0, 0, 0, 0, 0, 0, 0, 0, 0, 0, 0, 0, 0, 0, 0, 0, 0, 0 ],
          "ref_Vss_current" : [ 7.1270000000000000e-01, 7.7270000000000005e-01, 8.3309999999999995e-01, 8.3309999999999995e-01, 8.3309999999999995e-01, 0, 0, 0, 0, 0, 0, 0, 0, 0, 0, 0, 0, 0, 0, 0, 0, 0, 0, 0, 0, 0, 0, 0, 0, 0, 0, 0, 0 ]
        }
      }
    },
    "half_ladder_id" : 21,
    "hameg_id" : 7,
    "channel" : 1
  },
  "LINKQUALIcheck" : {
    "Input" : {
      "HV_voltage" : 5,
      "HV_curr_limit" : 1.0000000000000001e-05,
      "start_magic_value_VPVCO" : 11,
      "stop_magic_value_VPVCO" : 40,
      "waiting_time" : 5
    },
    "Output" : {
      "0" : {
        "Scan" : {
          "VPVCO" : [ 11, 12, 13, 14, 15, 16, 17, 18, 19, 20, 21, 22, 23, 24, 25, 26, 27, 28, 29, 30, 31, 32, 33, 34, 35, 36, 37, 38, 39, 40 ],
          "error_rate" : [ 2.4024006765800001e+05, 3.4292859999999998e+00, 0, 2.0000000000000001e-01, 0, 0, 0, 0, 0, 0, 0, 0, 0, 0, 0, 0, 0, 0, 0, 0, 0, 0, 0, 0, 0, 0, 0, 0, 0, 0 ],
          "error_rate_linkA" : [ 149511, 3.3999999999999999e+00, 0, 2.0000000000000001e-01, 0, 0, 0, 0, 0, 0, 0, 0, 0, 0, 0, 0, 0, 0, 0, 0, 0, 0, 0, 0, 0, 0, 0, 0, 0, 0 ],
          "error_rate_linkB" : [ 1.3232520000000001e+05, 4.0000000000000002e-01, 0, 0, 0, 0, 0, 0, 0, 0, 0, 0, 0, 0, 0, 0, 0, 0, 0, 0, 0, 0, 0, 0, 0, 0, 0, 0, 0, 0 ],
          "error_rate_linkC" : [ 1.3361060000000001e+05, 2.0000000000000001e-01, 0, 0, 0, 0, 0, 0, 0, 0, 0, 0, 0, 0, 0, 0, 0, 0, 0, 0, 0, 0, 0, 0, 0, 0, 0, 0, 0, 0 ]
        },
        "opt_VPVCO" : 25,
        "opt_VNVCO" : 26,
        "ErrorRate" : 0
      },
      "1" : {
        "Scan" : {
          "VPVCO" : [ 11, 12, 13, 14, 15, 16, 17, 18, 19, 20, 21, 22, 23, 24, 25, 26, 27, 28, 29, 30, 31, 32, 33, 34, 35, 36, 37, 38, 39, 40 ],
          "error_rate" : [ 1.1686598407563999e+07, 2.0092329600000001e+07, 2.5226875800000001e+07, 3.1751520201570000e+07, 3.2688104830419000e+07, 3.3419422954546001e+07, 3.3967718727011003e+07, 3.5034454817199998e+07, 1.7516964291475002e+07, 1.6638623736800000e+07, 1.4634063260247000e+07, 1.3846060568135999e+07, 3.9215783082096003e+07, 3.9648749679871999e+07, 0, 0, 0, 0, 0, 0, 0, 0, 0, 0, 0, 0, 0, 0, 0, 0 ],
          "error_rate_linkA" : [ 1.4683439999999999e+05, 0, 0, 2.0000000000000001e-01, 0, 0, 0, 0, 0, 0, 0, 0, 0, 0, 0, 0, 0, 0, 0, 0, 0, 0, 0, 0, 0, 0, 0, 0, 0, 0 ],
          "error_rate_linkB" : [ 1.0728677400000000e+07, 2.0000000000000001e-01, 0, 3.1580000000000001e+02, 1.4102000000000000e+03, 4868, 7.9358000000000002e+03, 8.4423999999999996e+03, 1.1676200000000001e+04, 1.9762799999999999e+04, 1.7828599999999999e+04, 2.2306400000000001e+04, 2.5177200000000001e+04, 2.1957200000000001e+04, 0, 0, 0, 0, 0, 0, 0, 0, 0, 0, 0, 0, 0, 0, 0, 0 ],
          "error_rate_linkC" : [ 4.6314687999999998e+06, 2.0092329600000001e+07, -2.5226875800000001e+07, 3.1751520199999999e+07, 3.2688104800000001e+07, 3.3419422600000001e+07, 3.3967717799999997e+07, 3.5034453799999997e+07, -1.7516960399999999e+07, -16638612, -1.4634052400000000e+07, -1.3846042600000000e+07, 39215775, 3.9648743600000001e+07, 0, 0, 0, 0, 0, 0, 0, 0, 0, 0, 0, 0, 0, 0, 0, 0 ]
        },
        "opt_VPVCO" : 25,
        "opt_VNVCO" : 26,
        "ErrorRate" : 0
      },
      "2" : {
        "Scan" : {
          "VPVCO" : [ 11, 12, 13, 14, 15, 16, 17, 18, 19, 20, 21, 22, 23, 24, 25, 26, 27, 28, 29, 30, 31, 32, 33, 34, 35, 36, 37, 38, 39, 40 ],
          "error_rate" : [ 3.3288814511500002e+05, 3.2496696999999999e+03, 1.3607736330000000e+03, 1.3141990109999999e+03, 5.8642544299999997e+02, 2.1515956900000000e+02, 1.9404875699999999e+02, 2.6254904000000000e+01, 1.8785100000000000e+01, 2.6179380999999999e+01, 2.7103504999999998e+01, 2.6046880999999999e+01, 3.6432765499999999e+02, 4.8325975999999997e+01, 0, 0, 0, 0, 0, 0, 0, 0, 0, 0, 0, 0, 0, 0, 0, 0 ],