{
  "/MIDAS version" : "2.1",
  "/MIDAS git revision" : "Wed Apr 13 14:01:25 2022 +0200 - midas-2020-08-a-757-g9969130d-dirty on branch develop",
  "/filename" : "/home/mu3e/online/online/pixels/qctest/ladder/output.json",
  "/ODB path" : "/Equipment/PixelsCentral/QCTests/Ladder",

  "Eval" : {
    "Insight" : {
      "IV_curve" : {
      },
      "LV_power_ON" : {
      },
      "DAC_scan" : {
      },
      "link_quality" : {
      }
    },
    "half_ladder_id" : 0,
    "grade" : "",
    "IV_curve" : false,
    "LV_power_ON" : [ false, false, false ],
    "DAC_scan_VPDAC" : [ false, false, false ],
    "DAC_scan_ref_Vss" : [ false, false, false ],
    "link_quality" : [ false, false, false ]
  },
  "current_ladder_id" : 0,
  "current_hameg_id" : 0,
  "current_channel" : 0,
  "IV" : {
    "Input" : {
      "hv_current_limit" : 1.0000000000000001e-05,
      "start_voltage" : 0,
      "step_voltage" : 5,
      "fine_step_voltage" : 1,
      "stop_voltage" : 25
    },
    "Output" : {
      "Voltage" : [ 0, 5, 10, 15, 20, 25, 0, 0, 0, 0, 0, 0, 0, 0, 0, 0, 0, 0, 0, 0, 0, 0, 0, 0, 0, 0, 0, 0, 0, 0, 0, 0, 0 ],
      "Current" : [ -2.3593400000000000e-01, -2.5664799999999999e-01, -2.7831699999999998e-01, -2.8745900000000002e-01, -2.9737100000000000e-01, -3.0658400000000002e-01, 0, 0, 0, 0, 0, 0, 0, 0, 0, 0, 0, 0, 0, 0, 0, 0, 0, 0, 0, 0, 0, 0, 0, 0, 0, 0, 0 ],
      "V" : 30
    },
    "half_ladder_id" : 0,
    "hameg_id" : 0,
    "channel" : 0
  },
  "LVPowerOn" : {
    "Input" : {
    },
    "Output" : {
      "current_increase" : [ 4.7060000000000002e-01, 4.8609999999999998e-01, 0, 0 ]
    },
    "half_ladder_id" : 20,
    "hameg_id" : 7,
    "channel" : 1
  },
  "DACScan" : {
    "Input" : {
      "HV_voltage" : 5,
      "HV_curr_limit" : 1.0000000000000001e-05,
      "VPDAC" : {
        "start_value" : 0,
        "step" : 1,
        "stop_value" : 6
      },
      "ref_Vss" : {
        "start_value" : 50,
        "step" : 50,
        "stop_value" : 250
      }
    },
    "Output" : {
      "VPDAC" : {
        "0" : {
          "VPDAC_values" : [ 0, 1, 2, 3, 4, 5, 6, 0, 0, 0, 0 ],
          "VPDAC_current" : [ 8.3809999999999996e-01, 8.5519999999999996e-01, 8.6639999999999995e-01, 8.8239999999999996e-01, 8.9500000000000002e-01, 9.1159999999999997e-01, 9.2810000000000004e-01, 0, 0, 0, 0 ]
        },
        "1" : {
          "VPDAC_values" : [ 0, 1, 2, 3, 4, 5, 6, 0, 0, 0, 0 ],
          "VPDAC_current" : [ 8.4589999999999999e-01, 8.6250000000000004e-01, 8.7470000000000003e-01, 8.8939999999999997e-01, 9.1030000000000000e-01, 9.2779999999999996e-01, 9.4169999999999998e-01, 0, 0, 0, 0 ]
        },
        "2" : {
          "VPDAC_values" : [ 0, 1, 2, 3, 4, 5, 6, 0, 0, 0, 0 ],
          "VPDAC_current" : [ 4.5269999999999999e-01, 4.5269999999999999e-01, 4.5269999999999999e-01, 4.5269999999999999e-01, 4.5269999999999999e-01, 4.5269999999999999e-01, 4.5269999999999999e-01, 0, 0, 0, 0 ]
        }
      },
      "ref_Vss" : {
        "0" : {
          "ref_Vss_values" : [ 50, 100, 150, 200, 250, 0, 0, 0, 0, 0, 0, 0, 0, 0, 0, 0, 0, 0, 0, 0, 0, 0, 0, 0, 0, 0, 0, 0, 0, 0, 0, 0, 0 ],
          "ref_Vss_current" : [ 8.0140000000000000e-01, 8.7039999999999995e-01, 9.2669999999999997e-01, 9.2669999999999997e-01, 9.2669999999999997e-01, 0, 0, 0, 0, 0, 0, 0, 0, 0, 0, 0, 0, 0, 0, 0, 0, 0, 0, 0, 0, 0, 0, 0, 0, 0, 0, 0, 0 ]
        },
        "1" : {
          "ref_Vss_values" : [ 50, 100, 150, 200, 250, 0, 0, 0, 0, 0, 0, 0, 0, 0, 0, 0, 0, 0, 0, 0, 0, 0, 0, 0, 0, 0, 0, 0, 0, 0, 0, 0, 0 ],
          "ref_Vss_current" : [ 8.1279999999999997e-01, 8.8239999999999996e-01, 9.4130000000000003e-01, 9.4130000000000003e-01, 9.4130000000000003e-01, 0, 0, 0, 0, 0, 0, 0, 0, 0, 0, 0, 0, 0, 0, 0, 0, 0, 0, 0, 0, 0, 0, 0, 0, 0, 0, 0, 0 ]
        },
        "2" : {
          "ref_Vss_values" : [ 50, 100, 150, 200, 250, 0, 0, 0, 0, 0, 0, 0, 0, 0, 0, 0, 0, 0, 0, 0, 0, 0, 0, 0, 0, 0, 0, 0, 0, 0, 0, 0, 0 ],
          "ref_Vss_current" : [ 4.5269999999999999e-01, 4.5269999999999999e-01, 4.5269999999999999e-01, 4.5269999999999999e-01, 4.5269999999999999e-01, 0, 0, 0, 0, 0, 0, 0, 0, 0, 0, 0, 0, 0, 0, 0, 0, 0, 0, 0, 0, 0, 0, 0, 0, 0, 0, 0, 0 ]
        }
      }
    },
    "half_ladder_id" : 20,
    "hameg_id" : 7,
    "channel" : 1
  },
  "LINKQUALIcheck" : {
    "Input" : {
      "HV_voltage" : 5,
      "HV_curr_limit" : 1.0000000000000001e-05,
      "start_magic_value_VPVCO" : 11,
      "stop_magic_value_VPVCO" : 40,
      "waiting_time" : 5
    },
    "Output" : {
      "0" : {
        "Scan" : {
          "VPVCO" : [ 11, 12, 13, 14, 15, 16, 17, 18, 19, 20, 21, 22, 23, 24, 25, 26, 27, 28, 29, 30, 31, 32, 33, 34, 35, 36, 37, 38, 39, 40 ],
          "error_rate" : [ 0, 0, 0, 0, 0, 0, 0, 0, 0, 0, 0, 0, 0, 0, 0, 0, 0, 0, 0, 0, 0, 0, 0, 0, 0, 1.0666326239000000e+04, 6.8376174066973999e+07, 4.4967358251003402e+08, 5.6169322640048802e+08, 9.0308085625542000e+07 ],
          "error_rate_linkA" : [ 0, 0, 0, 0, 0, 0, 0, 0, 0, 0, 0, 0, 0, 0, 0, 0, 0, 0, 0, 0, 0, 0, 0, 0, 0, 5.6171999999999998e+03, -3.9602351200000003e+07, 4.4788201139999998e+08, 3.9702789719999999e+08, -8.4840012599999994e+07 ],
          "error_rate_linkB" : [ 0, 0, 0, 0, 0, 0, 0, 0, 0, 0, 0, 0, 0, 0, 0, 0, 0, 0, 0, 0, 0, 0, 0, 0, 0, 6.0433999999999996e+03, -39057613, 1.8226981199999999e+07, 3.9679262419999999e+08, 21816638 ],
          "error_rate_linkC" : [ 0, 0, 0, 0, 0, 0, 0, 0, 0, 0, 0, 0, 0, 0, 0, 0, 0, 0, 0, 0, 0, 0, 0, 0, 0, 6.7598000000000002e+03, -3.9767547399999999e+07, -3.5718508200000003e+07, 2.0585014199999999e+07, 2.1948961199999999e+07 ]
        },
        "opt_VPVCO" : 11,
        "opt_VNVCO" : 12,
        "ErrorRate" : 0
      },
      "1" : {
        "Scan" : {
          "VPVCO" : [ 11, 12, 13, 14, 15, 16, 17, 18, 19, 20, 21, 22, 23, 24, 25, 26, 27, 28, 29, 30, 31, 32, 33, 34, 35, 36, 37, 38, 39, 40 ],
          "error_rate" : [ 0, 0, 0, 0, 0, 0, 0, 0, 0, 0, 0, 0, 0, 0, 0, 0, 0, 0, 0, 0, 0, 0, 0, 0, 0, 0, 0, 0, 1.4142140000000001e+00, 1.0068601953348000e+07 ],
          "error_rate_linkA" : [ 0, 0, 0, 0, 0, 0, 0, 0, 0, 0, 0, 0, 0, 0, 0, 0, 0, 0, 0, 0, 0, 0, 0, 0, 0, 0, 0, 0, 0, 7.1003832000000002e+06 ],
          "error_rate_linkB" : [ 0, 0, 0, 0, 0, 0, 0, 0, 0, 0, 0, 0, 0, 0, 0, 0, 0, 0, 0, 0, 0, 0, 0, 0, 0, 0, 0, 0, 2.0000000000000001e-01, 4547356 ],
          "error_rate_linkC" : [ 0, 0, 0, 0, 0, 0, 0, 0, 0, 0, 0, 0, 0, 0, 0, 0, 0, 0, 0, 0, 0, 0, 0, 0, 0, 0, 0, 0, 1.3999999999999999e+00, 5.5029862000000002e+06 ]
        },
        "opt_VPVCO" : 11,
        "opt_VNVCO" : 12,
        "ErrorRate" : 0
      },
      "2" : {
        "Scan" : {
          "VPVCO" : [ 11, 12, 13, 14, 15, 16, 17, 18, 19, 20, 21, 22, 23, 24, 25, 26, 27, 28, 29, 30, 31, 32, 33, 34, 35, 36, 37, 38, 39, 40 ],
          "error_rate" : [ 1.3801693513481000e+08, 7.9979775491336003e+07, 4.5146771632835901e+08, 4.0829691348743099e+08, 1.2923177541793101e+08, 4.9675775689854003e+07, 9.5085734164895996e+07, 1.4211523149156800e+08, 2.7620911984159000e+07, 3.9620618816490197e+08, 4.0934834684373099e+08, 4.5156513742623502e+08, 4.0084802752361399e+08, 5.7835016537037000e+07, 5.3467144534190997e+07, 5.3227784228968002e+07, 3.6648454691276997e+07, 8.6287684799677998e+07, 8.2543643676151007e+07, 3.0896251617585000e+07, 8.5484884781657994e+07, 1.4322355287158099e+08, 4.1815830091555998e+07, 4.5496503315172002e+07, 2.1800256971625999e+07, 2.1120875350577801e+08, 3.0810506200265300e+08, 4.1687146154278003e+07, 3.5795336757839203e+08, 1.3801773581403399e+08 ],