{
  "/MIDAS version" : "2.1",
  "/MIDAS git revision" : "Wed Apr 13 14:01:25 2022 +0200 - midas-2020-08-a-757-g9969130d-dirty on branch develop",
  "/filename" : "/home/mu3e/online/online/pixels/qctest/ladder/output.json",
  "/ODB path" : "/Equipment/PixelsCentral/QCTests/Ladder",

  "Eval" : {
    "Insight" : {
      "IV_curve" : {
      },
      "LV_power_ON" : {
      },
      "DAC_scan" : {
      },
      "link_quality" : {
      }
    },
    "half_ladder_id" : 0,
    "grade" : "",
    "IV_curve" : false,
    "LV_power_ON" : [ false, false, false ],
    "DAC_scan_VPDAC" : [ false, false, false ],
    "DAC_scan_ref_Vss" : [ false, false, false ],
    "link_quality" : [ false, false, false ]
  },
  "current_ladder_id" : 0,
  "current_hameg_id" : 0,
  "current_channel" : 0,
  "IV" : {
    "Input" : {
      "hv_current_limit" : 1.0000000000000001e-05,
      "start_voltage" : 0,
      "step_voltage" : 5,
      "fine_step_voltage" : 1,
      "stop_voltage" : 25
    },
    "Output" : {
      "Voltage" : [ 0, 5, 1, 2, 3, 4, 0, 0, 0, 0, 0, 0, 0, 0, 0, 0, 0, 0, 0, 0, 0, 0, 0, 0, 0, 0, 0, 0, 0, 0, 0, 0, 0 ],
      "Current" : [ -4.3536500000000000e+00, -9.9818200000000008e+00, -9.9811300000000003e+00, -9.9811099999999993e+00, -9.9801500000000001e+00, -9.9803700000000006e+00, 0, 0, 0, 0, 0, 0, 0, 0, 0, 0, 0, 0, 0, 0, 0, 0, 0, 0, 0, 0, 0, 0, 0, 0, 0, 0, 0 ],
      "V" : 10
    },
    "half_ladder_id" : 0,
    "hameg_id" : 0,
    "channel" : 0
  },
  "LVPowerOn" : {
    "Input" : {
    },
    "Output" : {
      "current_increase" : [ 4.8690000000000000e-01, 4.7230000000000000e-01, 3.6270000000000002e-01, 0 ]
    },
    "half_ladder_id" : 34,
    "hameg_id" : 3,
    "channel" : 3
  },
  "DACScan" : {
    "Input" : {
      "HV_voltage" : 0,
      "HV_curr_limit" : 1.0000000000000001e-05,
      "VPDAC" : {
        "start_value" : 0,
        "step" : 1,
        "stop_value" : 6
      },
      "ref_Vss" : {
        "start_value" : 50,
        "step" : 50,
        "stop_value" : 250
      }
    },
    "Output" : {
      "VPDAC" : {
        "0" : {
          "VPDAC_values" : [ 0, 1, 2, 3, 4, 5, 6, 0, 0, 0, 0 ],
          "VPDAC_current" : [ 8.1210000000000004e-01, 8.2620000000000005e-01, 8.3840000000000003e-01, 8.5340000000000005e-01, 8.6319999999999997e-01, 8.7729999999999997e-01, 8.9219999999999999e-01, 0, 0, 0, 0 ]
        },
        "1" : {
          "VPDAC_values" : [ 0, 1, 2, 3, 4, 5, 6, 0, 0, 0, 0 ],
          "VPDAC_current" : [ 8.1689999999999996e-01, 8.3169999999999999e-01, 8.4560000000000002e-01, 8.5880000000000001e-01, 8.7260000000000004e-01, 8.8680000000000003e-01, 9.0169999999999995e-01, 0, 0, 0, 0 ]
        },
        "2" : {
          "VPDAC_values" : [ 0, 1, 2, 3, 4, 5, 6, 0, 0, 0, 0 ],
          "VPDAC_current" : [ 8.1220000000000003e-01, 8.2850000000000001e-01, 8.4270000000000000e-01, 8.5540000000000005e-01, 8.7209999999999999e-01, 8.9059999999999995e-01, 9.0459999999999996e-01, 0, 0, 0, 0 ]
        }
      },
      "ref_Vss" : {
        "0" : {
          "ref_Vss_values" : [ 50, 100, 150, 200, 250, 0, 0, 0, 0, 0, 0, 0, 0, 0, 0, 0, 0, 0, 0, 0, 0, 0, 0, 0, 0, 0, 0, 0, 0, 0, 0, 0, 0 ],
          "ref_Vss_current" : [ 7.5000000000000000e-01, 8.2310000000000005e-01, 8.8939999999999997e-01, 8.8939999999999997e-01, 8.8939999999999997e-01, 0, 0, 0, 0, 0, 0, 0, 0, 0, 0, 0, 0, 0, 0, 0, 0, 0, 0, 0, 0, 0, 0, 0, 0, 0, 0, 0, 0 ]
        },
        "1" : {
          "ref_Vss_values" : [ 50, 100, 150, 200, 250, 0, 0, 0, 0, 0, 0, 0, 0, 0, 0, 0, 0, 0, 0, 0, 0, 0, 0, 0, 0, 0, 0, 0, 0, 0, 0, 0, 0 ],
          "ref_Vss_current" : [ 7.6239999999999997e-01, 8.3609999999999995e-01, 8.9970000000000006e-01, 8.9970000000000006e-01, 8.9970000000000006e-01, 0, 0, 0, 0, 0, 0, 0, 0, 0, 0, 0, 0, 0, 0, 0, 0, 0, 0, 0, 0, 0, 0, 0, 0, 0, 0, 0, 0 ]
        },
        "2" : {
          "ref_Vss_values" : [ 50, 100, 150, 200, 250, 0, 0, 0, 0, 0, 0, 0, 0, 0, 0, 0, 0, 0, 0, 0, 0, 0, 0, 0, 0, 0, 0, 0, 0, 0, 0, 0, 0 ],
          "ref_Vss_current" : [ 7.7390000000000003e-01, 8.4719999999999995e-01, 9.0100000000000002e-01, 9.0100000000000002e-01, 9.0669999999999995e-01, 0, 0, 0, 0, 0, 0, 0, 0, 0, 0, 0, 0, 0, 0, 0, 0, 0, 0, 0, 0, 0, 0, 0, 0, 0, 0, 0, 0 ]
        }
      }
    },
    "half_ladder_id" : 34,
    "hameg_id" : 3,
    "channel" : 3
  },
  "LINKQUALIcheck" : {
    "Input" : {
      "HV_voltage" : 0,
      "HV_curr_limit" : 1.0000000000000001e-05,
      "start_magic_value_VPVCO" : 11,
      "stop_magic_value_VPVCO" : 40,
      "waiting_time" : 5
    },
    "Output" : {
      "0" : {
        "Scan" : {
          "VPVCO" : [ 11, 12, 13, 14, 15, 16, 17, 18, 19, 20, 21, 22, 23, 24, 25, 26, 27, 28, 29, 30, 31, 32, 33, 34, 35, 36, 37, 38, 39, 40 ],
          "error_rate" : [ 0, 0, 0, 0, 0, 0, 0, 0, 0, 0, 0, 0, 0, 0, 0, 0, 0, 0, 0, 0, 0, 0, 0, 0, 0, 0, 0, 0, 7.6690187650969997e+06, 8.4327937299450003e+06 ],
          "error_rate_linkA" : [ 0, 0, 0, 0, 0, 0, 0, 0, 0, 0, 0, 0, 0, 0, 0, 0, 0, 0, 0, 0, 0, 0, 0, 0, 0, 0, 0, 0, 5.6229177999999998e+06, 5634915 ],
          "error_rate_linkB" : [ 0, 0, 0, 0, 0, 0, 0, 0, 0, 0, 0, 0, 0, 0, 0, 0, 0, 0, 0, 0, 0, 0, 0, 0, 0, 0, 0, 0, 4.2577425999999996e+06, 5.0528125999999996e+06 ],
          "error_rate_linkC" : [ 0, 0, 0, 0, 0, 0, 0, 0, 0, 0, 0, 0, 0, 0, 0, 0, 0, 0, 0, 0, 0, 0, 0, 0, 0, 0, 0, 0, 3.0113572000000002e+06, 3.7187132000000002e+06 ]
        },
        "opt_VPVCO" : 11,
        "opt_VNVCO" : 12,
        "ErrorRate" : 0
      },
      "1" : {
        "Scan" : {
          "VPVCO" : [ 11, 12, 13, 14, 15, 16, 17, 18, 19, 20, 21, 22, 23, 24, 25, 26, 27, 28, 29, 30, 31, 32, 33, 34, 35, 36, 37, 38, 39, 40 ],
          "error_rate" : [ 0, 0, 0, 0, 0, 0, 0, 0, 0, 0, 0, 0, 0, 0, 0, 0, 0, 0, 0, 0, 0, 0, 0, 0, 0, 0, 0, 1.8932292953699999e+05, 1.2335355057491001e+07, 4.3740552906390500e+08 ],
          "error_rate_linkA" : [ 0, 0, 0, 0, 0, 0, 0, 0, 0, 0, 0, 0, 0, 0, 0, 0, 0, 0, 0, 0, 0, 0, 0, 0, 0, 0, 0, 1.9881599999999999e+04, 8.7097675999999996e+06, 9.8782708000000007e+06 ],
          "error_rate_linkB" : [ 0, 0, 0, 0, 0, 0, 0, 0, 0, 0, 0, 0, 0, 0, 0, 0, 0, 0, 0, 0, 0, 0, 0, 0, 0, 0, 0, 1.8749220000000001e+05, 5.4932764000000004e+06, 4.3721093860000002e+08 ],
          "error_rate_linkC" : [ 0, 0, 0, 0, 0, 0, 0, 0, 0, 0, 0, 0, 0, 0, 0, 0, 0, 0, 0, 0, 0, 0, 0, 0, 0, 0, 0, 17163, 6.7915275999999996e+06, 8.5212551999999993e+06 ]
        },
        "opt_VPVCO" : 11,
        "opt_VNVCO" : 12,
        "ErrorRate" : 0
      },
      "2" : {
        "Scan" : {
          "VPVCO" : [ 11, 12, 13, 14, 15, 16, 17, 18, 19, 20, 21, 22, 23, 24, 25, 26, 27, 28, 29, 30, 31, 32, 33, 34, 35, 36, 37, 38, 39, 40 ],
          "error_rate" : [ 0, 0, 0, 0, 0, 0, 25879066, 0, 0, 0, 0, 1.8199999999999999e+01, 0, 0, 0, 0, 0, 0, 0, 0, 0, 0, 0, 0, 0, 2.0000000000000001e-01, 0, 2, 4.2338118434936398e+08, 2.6223844280044999e+07 ],
          "error_rate_linkA" : [ 0, 0, 0, 0, 0, 0, 0, 0, 0, 0, 0, 0, 0, 0, 0, 0, 0, 0, 0, 0, 0, 0, 0, 0, 0, 0, 0, 0, -4.2095813880000001e+08, 1.5701710600000000e+07 ],
          "error_rate_linkB" : [ 0, 0, 0, 0, 0, 0, 0, 0, 0, 0, 0, 0, 0, 0, 0, 0, 0, 0, 0, 0, 0, 0, 0, 0, 0, 2.0000000000000001e-01, 0, 2, -4.4247637799999997e+07, 15056798 ],
          "error_rate_linkC" : [ 0, 0, 0, 0, 0, 0, 25879066, 0, 0, 0, 0, 1.8199999999999999e+01, 0, 0, 0, 0, 0, 0, 0, 0, 0, 0, 0, 0, 0, 0, 0, 0, 9.3818541999999993e+06, 1.4643740199999999e+07 ]
        },
        "opt_VPVCO" : 11,
        "opt_VNVCO" : 12,
        "ErrorRate" : 0
      }
    },
    "half_ladder_id" : 34,
    "hameg_id" : 3,
    "channel" : 3
  },
  "Default_config" : {
    "IV" : {
      "HV_current_limit" : 1.0000000000000001e-05,
      "start_voltage" : 0,
      "step_voltage" : 5,
      "fine_step_voltage" : 1,
      "stop_voltage" : 30
    },
    "LVPowerOn" : {
    },
    "DACScan" : {
      "HV_voltage" : -5,
      "HV_curr_limit" : 1.0000000000000001e-05,
      "VPDAC" : {
        "start_value" : 0,
        "step" : 1,
        "stop_value" : 6
      },