{
  "/MIDAS version" : "2.1",
  "/MIDAS git revision" : "Wed Apr 13 14:01:25 2022 +0200 - midas-2020-08-a-757-g9969130d-dirty on branch develop",
  "/filename" : "/home/mu3e/online/online/pixels/qctest/ladder/output.json",
  "/ODB path" : "/Equipment/PixelsCentral/QCTests/Ladder",

  "Eval" : {
    "Insight" : {
      "IV_curve" : {
      },
      "LV_power_ON" : {
      },
      "DAC_scan" : {
      },
      "link_quality" : {
      }
    },
    "half_ladder_id" : 0,
    "grade" : "",
    "IV_curve" : false,
    "LV_power_ON" : [ false, false, false ],
    "DAC_scan_VPDAC" : [ false, false, false ],
    "DAC_scan_ref_Vss" : [ false, false, false ],
    "link_quality" : [ false, false, false ]
  },
  "current_ladder_id" : 0,
  "current_hameg_id" : 0,
  "current_channel" : 0,
  "IV" : {
    "Input" : {
      "hv_current_limit" : 1.0000000000000001e-05,
      "start_voltage" : 0,
      "step_voltage" : 5,
      "fine_step_voltage" : 1,
      "stop_voltage" : 25
    },
    "Output" : {
      "Voltage" : [ 0, 5, 10, 15, 20, 16, 17, 18, 19, 0, 0, 0, 0, 0, 0, 0, 0, 0, 0, 0, 0, 0, 0, 0, 0, 0, 0, 0, 0, 0, 0, 0, 0 ],
      "Current" : [ -1.1480600000000001e+00, -1.3777600000000001e+00, -1.5511800000000000e+00, -1.7467900000000001e+00, -9.9636399999999998e+00, -1.7619899999999999e+00, -1.8056000000000001e+00, -1.8636999999999999e+00, -1.9561599999999999e+00, 0, 0, 0, 0, 0, 0, 0, 0, 0, 0, 0, 0, 0, 0, 0, 0, 0, 0, 0, 0, 0, 0, 0, 0 ],
      "V" : 25
    },
    "half_ladder_id" : 0,
    "hameg_id" : 0,
    "channel" : 0
  },
  "LVPowerOn" : {
    "Input" : {
    },
    "Output" : {
      "current_increase" : [ 0, 4.9180000000000001e-01, 4.9490000000000001e-01, 0 ]
    },
    "half_ladder_id" : 32,
    "hameg_id" : 3,
    "channel" : 1
  },
  "DACScan" : {
    "Input" : {
      "HV_voltage" : 5,
      "HV_curr_limit" : 1.0000000000000001e-05,
      "VPDAC" : {
        "start_value" : 0,
        "step" : 1,
        "stop_value" : 6
      },
      "ref_Vss" : {
        "start_value" : 50,
        "step" : 50,
        "stop_value" : 250
      }
    },
    "Output" : {
      "VPDAC" : {
        "0" : {
          "VPDAC_values" : [ 0, 1, 2, 3, 4, 5, 6, 0, 0, 0, 0 ],
          "VPDAC_current" : [ 2.0119999999999999e-01, 2.0119999999999999e-01, 2.0119999999999999e-01, 2.0119999999999999e-01, 2.0119999999999999e-01, 2.0119999999999999e-01, 2.0119999999999999e-01, 0, 0, 0, 0 ]
        },
        "1" : {
          "VPDAC_values" : [ 0, 1, 2, 3, 4, 5, 6, 0, 0, 0, 0 ],
          "VPDAC_current" : [ 6.1539999999999995e-01, 6.2919999999999998e-01, 6.4029999999999998e-01, 6.5390000000000004e-01, 6.7200000000000004e-01, 6.8720000000000003e-01, 7.0030000000000003e-01, 0, 0, 0, 0 ]
        },
        "2" : {
          "VPDAC_values" : [ 0, 1, 2, 3, 4, 5, 6, 0, 0, 0, 0 ],
          "VPDAC_current" : [ 6.0680000000000001e-01, 6.1939999999999995e-01, 6.3410000000000000e-01, 6.4600000000000002e-01, 6.6410000000000002e-01, 6.7589999999999995e-01, 6.9250000000000000e-01, 0, 0, 0, 0 ]
        }
      },
      "ref_Vss" : {
        "0" : {
          "ref_Vss_values" : [ 50, 100, 150, 200, 250, 0, 0, 0, 0, 0, 0, 0, 0, 0, 0, 0, 0, 0, 0, 0, 0, 0, 0, 0, 0, 0, 0, 0, 0, 0, 0, 0, 0 ],
          "ref_Vss_current" : [ 2.0119999999999999e-01, 2.0119999999999999e-01, 2.0119999999999999e-01, 2.0119999999999999e-01, 2.0119999999999999e-01, 0, 0, 0, 0, 0, 0, 0, 0, 0, 0, 0, 0, 0, 0, 0, 0, 0, 0, 0, 0, 0, 0, 0, 0, 0, 0, 0, 0 ]
        },
        "1" : {
          "ref_Vss_values" : [ 50, 100, 150, 200, 250, 0, 0, 0, 0, 0, 0, 0, 0, 0, 0, 0, 0, 0, 0, 0, 0, 0, 0, 0, 0, 0, 0, 0, 0, 0, 0, 0, 0 ],
          "ref_Vss_current" : [ 5.6750000000000000e-01, 6.3200000000000001e-01, 6.9430000000000003e-01, 7.0030000000000003e-01, 7.0030000000000003e-01, 0, 0, 0, 0, 0, 0, 0, 0, 0, 0, 0, 0, 0, 0, 0, 0, 0, 0, 0, 0, 0, 0, 0, 0, 0, 0, 0, 0 ]
        },
        "2" : {
          "ref_Vss_values" : [ 50, 100, 150, 200, 250, 0, 0, 0, 0, 0, 0, 0, 0, 0, 0, 0, 0, 0, 0, 0, 0, 0, 0, 0, 0, 0, 0, 0, 0, 0, 0, 0, 0 ],
          "ref_Vss_current" : [ 5.6310000000000004e-01, 6.2749999999999995e-01, 6.8799999999999994e-01, 6.9359999999999999e-01, 6.9269999999999998e-01, 0, 0, 0, 0, 0, 0, 0, 0, 0, 0, 0, 0, 0, 0, 0, 0, 0, 0, 0, 0, 0, 0, 0, 0, 0, 0, 0, 0 ]
        }
      }
    },
    "half_ladder_id" : 32,
    "hameg_id" : 3,
    "channel" : 1
  },
  "LINKQUALIcheck" : {
    "Input" : {
      "HV_voltage" : 5,
      "HV_curr_limit" : 1.0000000000000001e-05,
      "start_magic_value_VPVCO" : 11,
      "stop_magic_value_VPVCO" : 40,
      "waiting_time" : 5
    },
    "Output" : {
      "0" : {
        "Scan" : {
          "VPVCO" : [ 11, 12, 13, 14, 15, 16, 17, 18, 19, 20, 21, 22, 23, 24, 25, 26, 27, 28, 29, 30, 31, 32, 33, 34, 35, 36, 37, 38, 39, 40 ],
          "error_rate" : [ 2.3165864946642999e+07, 1.7486891781111899e+08, 1.8023794134380002e+07, 9.4944077742739007e+07, 1.5622747223212600e+08, 1.4613833629142100e+08, 1.8200814318287998e+07, 1.7575401659070998e+07, 1.7338557924966000e+07, 1.4918910330292100e+08, 9.5702974476736993e+07, 9.5283548311343998e+07, 1.3504544584912699e+08, 6.4531743790278003e+07, 6.4418446529872000e+07, 1.8247791190012999e+07, 1.2377695896962900e+08, 1.7742088049378999e+07, 4.3258988432916000e+07, 4.1723163836150098e+08, 1.4993844875861099e+08, 1.2001257253187500e+08, 4.3001215572187997e+07, 1.7757297149530999e+07, 4.3556799353058003e+07, 1.7906523343446001e+07, 1.7186439692689002e+07, 1.1984279212807000e+08, 4.1707631882206202e+08, 4.4191266799318001e+07 ],
          "error_rate_linkA" : [ -9.0361358000000007e+06, -8.9996965999999996e+06, -8.9649174000000004e+06, -8.9751765999999996e+06, 98380806, -9017339, -8.9646178000000007e+06, -8.9818965999999996e+06, -8.9175141999999993e+06, -9.0013301999999993e+06, -9.0252881999999993e+06, -9.0256048000000007e+06, 4.4664873399999999e+07, 4.4677874600000001e+07, 44644320, -9.0383751999999993e+06, -116403080, -8.9864871999999993e+06, -9.0151621999999993e+06, -8.9857041999999993e+06, -9044905, -8958143, -9.0334981999999993e+06, -9.0281938000000007e+06, -9.0303418000000007e+06, -9025639, -8.9454711999999993e+06, -9.0118098000000007e+06, -8.9932028000000007e+06, -9.0153055999999996e+06 ],
          "error_rate_linkB" : [ -9033320, -8998846, -8.9641428000000007e+06, -8.9741418000000007e+06, -8.9923338000000007e+06, -9016308, -8.9634284000000004e+06, -8.9805305999999996e+06, -8.9160114000000004e+06, -8.9997045999999996e+06, -9.0236178000000007e+06, -9.0236738000000007e+06, 44666741, 44679526, 4.4646666399999999e+07, -9.0368785999999996e+06, -9026956, -8.9844428000000007e+06, -9.0128654000000004e+06, -8.9832695999999996e+06, -9042193, -8955922, -9.0306174000000004e+06, -9.0263661999999993e+06, -9028178, -9.0235601999999993e+06, -8.9435415999999996e+06, -9.0095598000000007e+06, -8.9913438000000007e+06, -9.0133571999999993e+06 ],
          "error_rate_linkC" : [ -1.9323681800000001e+07, -1.7440517380000001e+08, -1.2811383800000001e+07, 9.4091917200000003e+07, -1.2102635259999999e+08, 1.4558092980000001e+08, -1.3059947199999999e+07, -1.2147853600000000e+07, -1.1899927400000000e+07, 148645114, 94848183, 9.4424924400000006e+07, -1.1936165120000000e+08, -1.3113864199999999e+07, -1.2778737199999999e+07, -1.3023996400000000e+07, 41104411, -1.2381620400000000e+07, 4.1338059799999997e+07, 4.1703812539999998e+08, 1.4939199059999999e+08, -119342200, 41060302, -1.2342529400000000e+07, 41643003, -1.2560126600000000e+07, -1.1634660199999999e+07, -119163375, 416882398, 42312548 ]
        },
        "opt_VPVCO" : 0,
        "opt_VNVCO" : 1,
        "ErrorRate" : 1000000
      },
      "1" : {
        "Scan" : {
          "VPVCO" : [ 11, 12, 13, 14, 15, 16, 17, 18, 19, 20, 21, 22, 23, 24, 25, 26, 27, 28, 29, 30, 31, 32, 33, 34, 35, 36, 37, 38, 39, 40 ],
          "error_rate" : [ 3.7223527972153999e+07, 0, 0, 0, 0, 0, 0, 0, 0, 0, 0, 0, 0, 0, 0, 0, 0, 0, 0, 0, 0, 0, 0, 0, 0, 0, 0, 0, 3.6715119999999999e+00, 2.4024232296280000e+07 ],