{
  "/MIDAS version" : "2.1",
  "/MIDAS git revision" : "Wed Apr 13 14:01:25 2022 +0200 - midas-2020-08-a-757-g9969130d-dirty on branch develop",
  "/filename" : "/home/mu3e/online/online/pixels/qctest/ladder/output.json",
  "/ODB path" : "/Equipment/PixelsCentral/QCTests/Ladder",

  "Eval" : {
    "Insight" : {
      "IV_curve" : {
      },
      "LV_power_ON" : {
      },
      "DAC_scan" : {
      },
      "link_quality" : {
      }
    },
    "half_ladder_id" : 0,
    "grade" : "",
    "IV_curve" : false,
    "LV_power_ON" : [ false, false, false ],
    "DAC_scan_VPDAC" : [ false, false, false ],
    "DAC_scan_ref_Vss" : [ false, false, false ],
    "link_quality" : [ false, false, false ]
  },
  "current_ladder_id" : 0,
  "current_hameg_id" : 0,
  "current_channel" : 0,
  "IV" : {
    "Input" : {
      "hv_current_limit" : 1.0000000000000001e-05,
      "start_voltage" : 0,
      "step_voltage" : 5,
      "fine_step_voltage" : 1,
      "stop_voltage" : 25
    },
    "Output" : {
      "Voltage" : [ 0, 5, 10, 15, 11, 12, 13, 14, 0, 0, 0, 0, 0, 0, 0, 0, 0, 0, 0, 0, 0, 0, 0, 0, 0, 0, 0, 0, 0, 0, 0, 0, 0 ],
      "Current" : [ -1.9771099999999999e+00, -2.1046900000000002e+00, -2.3687100000000001e+00, -9.9678299999999993e+00, -2.3866900000000002e+00, -2.4033500000000001e+00, -2.4140299999999999e+00, -9.9748400000000004e+00, 0, 0, 0, 0, 0, 0, 0, 0, 0, 0, 0, 0, 0, 0, 0, 0, 0, 0, 0, 0, 0, 0, 0, 0, 0 ],
      "V" : 20
    },
    "half_ladder_id" : 0,
    "hameg_id" : 0,
    "channel" : 0
  },
  "LVPowerOn" : {
    "Input" : {
    },
    "Output" : {
      "current_increase" : [ 4.3950000000000000e-01, 3.3019999999999999e-01, -1.0999999999999999e-02, 0 ]
    },
    "half_ladder_id" : 31,
    "hameg_id" : 2,
    "channel" : 3
  },
  "DACScan" : {
    "Input" : {
      "HV_voltage" : 5,
      "HV_curr_limit" : 1.0000000000000001e-05,
      "VPDAC" : {
        "start_value" : 0,
        "step" : 1,
        "stop_value" : 6
      },
      "ref_Vss" : {
        "start_value" : 50,
        "step" : 50,
        "stop_value" : 250
      }
    },
    "Output" : {
      "VPDAC" : {
        "0" : {
          "VPDAC_values" : [ 0, 1, 2, 3, 4, 5, 6, 0, 0, 0, 0 ],
          "VPDAC_current" : [ 5.4810000000000003e-01, 5.6069999999999998e-01, 5.6969999999999998e-01, 5.8309999999999995e-01, 5.9470000000000001e-01, 6.0860000000000003e-01, 6.1899999999999999e-01, 0, 0, 0, 0 ]
        },
        "1" : {
          "VPDAC_values" : [ 0, 1, 2, 3, 4, 5, 6, 0, 0, 0, 0 ],
          "VPDAC_current" : [ 5.2420000000000000e-01, 5.4049999999999998e-01, 5.5669999999999997e-01, 5.7289999999999996e-01, 5.9370000000000001e-01, 6.1019999999999996e-01, 6.2949999999999995e-01, 0, 0, 0, 0 ]
        },
        "2" : {
          "VPDAC_values" : [ 0, 1, 2, 3, 4, 5, 6, 0, 0, 0, 0 ],
          "VPDAC_current" : [ 1.4920000000000000e-01, 1.4920000000000000e-01, 1.4920000000000000e-01, 1.4920000000000000e-01, 1.4920000000000000e-01, 1.4920000000000000e-01, 1.4920000000000000e-01, 0, 0, 0, 0 ]
        }
      },
      "ref_Vss" : {
        "0" : {
          "ref_Vss_values" : [ 50, 100, 150, 200, 250, 0, 0, 0, 0, 0, 0, 0, 0, 0, 0, 0, 0, 0, 0, 0, 0, 0, 0, 0, 0, 0, 0, 0, 0, 0, 0, 0, 0 ],
          "ref_Vss_current" : [ 4.0410000000000001e-01, 4.8309999999999997e-01, 5.4530000000000001e-01, 5.4879999999999995e-01, 5.4879999999999995e-01, 0, 0, 0, 0, 0, 0, 0, 0, 0, 0, 0, 0, 0, 0, 0, 0, 0, 0, 0, 0, 0, 0, 0, 0, 0, 0, 0, 0 ]
        },
        "1" : {
          "ref_Vss_values" : [ 50, 100, 150, 200, 250, 0, 0, 0, 0, 0, 0, 0, 0, 0, 0, 0, 0, 0, 0, 0, 0, 0, 0, 0, 0, 0, 0, 0, 0, 0, 0, 0, 0 ],
          "ref_Vss_current" : [ 3.8990000000000002e-01, 4.6700000000000003e-01, 5.2080000000000004e-01, 5.2510000000000001e-01, 5.2510000000000001e-01, 0, 0, 0, 0, 0, 0, 0, 0, 0, 0, 0, 0, 0, 0, 0, 0, 0, 0, 0, 0, 0, 0, 0, 0, 0, 0, 0, 0 ]
        },
        "2" : {
          "ref_Vss_values" : [ 50, 100, 150, 200, 250, 0, 0, 0, 0, 0, 0, 0, 0, 0, 0, 0, 0, 0, 0, 0, 0, 0, 0, 0, 0, 0, 0, 0, 0, 0, 0, 0, 0 ],
          "ref_Vss_current" : [ 1.4920000000000000e-01, 1.4829999999999999e-01, 1.4829999999999999e-01, 1.4829999999999999e-01, 1.4829999999999999e-01, 0, 0, 0, 0, 0, 0, 0, 0, 0, 0, 0, 0, 0, 0, 0, 0, 0, 0, 0, 0, 0, 0, 0, 0, 0, 0, 0, 0 ]
        }
      }
    },
    "half_ladder_id" : 31,
    "hameg_id" : 2,
    "channel" : 3
  },
  "LINKQUALIcheck" : {
    "Input" : {
      "HV_voltage" : 5,
      "HV_curr_limit" : 1.0000000000000001e-05,
      "start_magic_value_VPVCO" : 11,
      "stop_magic_value_VPVCO" : 40,
      "waiting_time" : 5
    },
    "Output" : {
      "0" : {
        "Scan" : {
          "VPVCO" : [ 11, 12, 13, 14, 15, 16, 17, 18, 19, 20, 21, 22, 23, 24, 25, 26, 27, 28, 29, 30, 31, 32, 33, 34, 35, 36, 37, 38, 39, 40 ],
          "error_rate" : [ 5.9531499999999999e+00, 7.3674960000000000e+00, 2.0000000000000001e-01, 4.0000000000000002e-01, 4.0000000000000002e-01, 2.4494899999999999e+00, 2.0000000000000001e-01, 0, 0, 0, 0, 0, 0, 0, 0, 2.2152839999999999e+05, 2.1982620000000001e+05, 0, 0, 0, 0, 0, 0, 2.0000000000000001e-01, 2.0000000000000001e-01, 6.0423588488613498e+08, 1.1377046202409999e+07, 4.8993775977903001e+07, 1.2814416609099999e+07, 1.4899424017871000e+07 ],
          "error_rate_linkA" : [ 3, 7.2000000000000002e+00, 2.0000000000000001e-01, 0, 4.0000000000000002e-01, 2.2000000000000002e+00, 0, 0, 0, 0, 0, 0, 0, 0, 0, 0, 0, 0, 0, 0, 0, 0, 0, 0, 2.0000000000000001e-01, -426898037, 7.5353122000000002e+06, 7.5088492000000002e+06, 8.1980455999999996e+06, 9.7259278000000007e+06 ],
          "error_rate_linkB" : [ 1.2000000000000000e+00, 1.2000000000000000e+00, 0, 0, 0, 1, 0, 0, 0, 0, 0, 0, 0, 0, 0, 0, 0, 0, 0, 0, 0, 0, 0, 2.0000000000000001e-01, 0, 8.4813519999999995e+05, 5.5647767999999998e+06, -4.7955142399999999e+07, 6.5118404000000004e+06, 7518458 ],
          "error_rate_linkC" : [ 5, 1, 0, 4.0000000000000002e-01, 0, 4.0000000000000002e-01, 2.0000000000000001e-01, 0, 0, 0, 0, 0, 0, 0, 0, 2.2152839999999999e+05, 2.1982620000000001e+05, 0, 0, 0, 0, 0, 0, 0, 0, -427619400, 6.4567414000000004e+06, 6.6566947999999998e+06, 7.3889955999999996e+06, 8.4185481999999993e+06 ]
        },
        "opt_VPVCO" : 35,
        "opt_VNVCO" : 36,
        "ErrorRate" : 9.0207982000000001e+01
      },
      "1" : {
        "Scan" : {
          "VPVCO" : [ 11, 12, 13, 14, 15, 16, 17, 18, 19, 20, 21, 22, 23, 24, 25, 26, 27, 28, 29, 30, 31, 32, 33, 34, 35, 36, 37, 38, 39, 40 ],
          "error_rate" : [ 4.4753890600000004e+03, 4.3889669350000004e+03, 1.6222219080000000e+03, 2.1550136900000001e+02, 9.5103522999999996e+01, 3.6366336100000001e+02, 4.6326666000000003e+01, 4.4445922000000003e+01, 1.9387625000000000e+01, 4.9598491899999999e+02, 8.7259613000000002e+01, 1.8943209899999999e+02, 5.0899509000000002e+01, 1.6329972400000000e+02, 8.1633329999999997e+00, 6.5029532000000003e+01, 6.0759526000000001e+01, 1.3069950299999999e+02, 7.8747444000000002e+01, 5.7280014000000001e+01, 1.1289216100000000e+02, 1.0378073000000001e+02, 2.6771006699999998e+02, 3.3837848999999999e+01, 9.0207982000000001e+01, 3.9321871800000002e+02, 3.3614240999999998e+02, 1.1061280580000000e+03, 1.5050579095999999e+04, 4.2797686698984802e+08 ],
          "error_rate_linkA" : [ 3.0160000000000002e+02, 8.6339999999999998e+02, 1.7019999999999999e+02, 31, 4.0799999999999997e+01, 1.5759999999999999e+02, 5.4000000000000004e+00, 13, 2, 4.5799999999999997e+01, 3.2000000000000002e+00, 2.7600000000000001e+01, 2.3399999999999999e+01, 7.6200000000000003e+01, 4.2000000000000002e+00, 5.4000000000000004e+00, 4.4000000000000004e+00, 5, 4.7999999999999998e+00, 7.4000000000000004e+00, 2.1600000000000001e+01, 8.8000000000000007e+00, 1.1600000000000000e+01, 1.6000000000000001e+00, 0, 4.4000000000000004e+00, 1.5600000000000000e+01, 58, 1327, -4.1520200539999998e+08 ],